Price,Close,High,Low,Open,Volume
Ticker,NVDA,NVDA,NVDA,NVDA,NVDA
Date,,,,,
2010-01-04,0.4238302409648895,0.42681012092762605,0.4151198331220107,0.42428867773023843,800204000
2010-01-05,0.4300193786621094,0.4346038025198083,0.4222258417088283,0.4222258417088283,728648000
2010-01-06,0.4327699840068817,0.43368685775612287,0.42566411681164656,0.4297901033338696,649168000
2010-01-07,0.4242887794971466,0.43231154777894276,0.42107969404468326,0.4304777729523985,547792000
2010-01-08,0.42520567774772644,0.42818555840539574,0.4183290426878675,0.4208504591479579,478168000
2010-01-11,0.41924598813056946,0.42933173767172156,0.4132862257960103,0.4274979625437554,556612000
2010-01-12,0.4050341248512268,0.41466143443417197,0.396323716208489,0.41305689194545275,627432000
2010-01-13,0.41053539514541626,0.41191073271427087,0.39196847459243545,0.40778474733301834,508868000
2010-01-14,0.40411728620529175,0.4084724772408654,0.3972406515226068,0.40549262407195563,608524000
2010-01-15,0.3921976089477539,0.4045755628710424,0.3869255189799814,0.4011372468910133,818192000
2010-01-19,0.39953285455703735,0.40205427082502176,0.38807176967183715,0.3892178754278255,545328000
2010-01-20,0.39792826771736145,0.3995328375677676,0.3892178588771779,0.3944899505956034,719728000
2010-01-21,0.3908224403858185,0.40480494136152556,0.3871548910830807,0.39769907483446465,608632000
2010-01-22,0.37729814648628235,0.3933436170955829,0.37500593639923946,0.38623775489562995,1067916000
2010-01-25,0.3837166130542755,0.39105168508369076,0.3807367323570796,0.38348738095244544,643676000
2010-01-26,0.37156787514686584,0.38440427133504723,0.3713386430514161,0.3818828275863736,714636000
2010-01-27,0.3816535770893097,0.3830289149450588,0.3672126389052121,0.37133862514714244,812504000
2010-01-28,0.36881712079048157,0.38600873185530044,0.3635450296453038,0.38463339422601495,687764000
2010-01-29,0.3527716398239136,0.3770690889123541,0.3472703166759,0.372943103382672,774700000
2010-02-01,0.37981972098350525,0.3805073897639921,0.3511670555155023,0.3541469353474045,949832000
2010-02-02,0.3837166130542755,0.38853026859015505,0.3772984147815425,0.3784445206400549,849812000
2010-02-03,0.38692566752433777,0.3885302374579391,0.37844449031599137,0.3802782650077379,562296000
2010-02-04,0.3644619286060333,0.38348728664360443,0.3603359430650051,0.38348728664360443,783480000
2010-02-05,0.3717970848083496,0.3727139858768929,0.3575853505111373,0.36400357601498434,604856000
2010-02-08,0.37110939621925354,0.38004903770702575,0.3637743246852755,0.3706509593718769,445160000
2010-02-09,0.3681294918060303,0.37890290730867965,0.36446196993997804,0.37706913271299575,930144000
2010-02-10,0.37523531913757324,0.37867363590031217,0.36790024884212613,0.37042169206492637,535828000
2010-02-11,0.3924270272254944,0.39655301382516667,0.3784445246725271,0.38119517329720215,695980000
2010-02-12,0.39769914746284485,0.40572188911805646,0.3853211867996113,0.38967640580763324,780212000
2010-02-16,0.4050341248512268,0.4066386946652609,0.39815749076358875,0.40297114555506136,457024000
2010-02-17,0.40893086791038513,0.41030617820452786,0.3972405801209541,0.4100769734848269,876560000
2010-02-18,0.38211217522621155,0.38853037526105955,0.3715679875028665,0.3864673677541477,1515508000
2010-02-19,0.3800490200519562,0.384633442963389,0.3782152454223198,0.3805074568780363,510548000
2010-02-22,0.38073673844337463,0.3873841689242007,0.3782152945842131,0.3816536122147136,458084000
2010-02-23,0.37156787514686584,0.38348737027856666,0.36767109347613053,0.3818828275863736,489764000
2010-02-24,0.3793613016605377,0.38302885044135976,0.3736307737688236,0.3747768793471664,445868000
2010-02-25,0.3759230971336365,0.37683999826518116,0.3612529249568063,0.37065100443454624,576972000
2010-02-26,0.3713386356830597,0.3768399599368271,0.3690464240753194,0.3740892841472845,393396000
2010-03-01,0.3862380385398865,0.3880718134212625,0.3685880133729467,0.3715678941395178,555868000
2010-03-02,0.3860088884830475,0.39449006777081524,0.38325823943368004,0.38967643876575314,538648000
2010-03-03,0.38119518756866455,0.3903640348777309,0.37798610194061943,0.38830105516331914,399300000
2010-03-04,0.38188278675079346,0.38577954067952186,0.3770691318636307,0.38279966038391233,557396000
2010-03-05,0.39357301592826843,0.3963236637340668,0.37913208079118793,0.37913208079118793,632832000
2010-03-08,0.3878426253795624,0.39494849310460456,0.38623805521077675,0.39380238716994104,439312000
2010-03-09,0.40228354930877686,0.40618030386355514,0.3915101320995455,0.3917393642073112,830832000
2010-03-10,0.4032003879547119,0.4075556063455121,0.40090817637807524,0.4011374084658659,418520000
2010-03-11,0.39403149485588074,0.4013665928903098,0.3924269524078422,0.3999912551775258,540660000
2010-03-12,0.3954067826271057,0.399532767919014,0.3933437763184962,0.39838666241155674,520352000
2010-03-15,0.39334383606910706,0.3988451597357629,0.389676314283318,0.3949484058835368,358904000
2010-03-16,0.40709710121154785,0.40938931240370463,0.39288536995992557,0.3931146020092664,664988000
2010-03-17,0.4148906171321869,0.4203919405052021,0.4093893210844851,0.4093893210844851,651168000
2010-03-18,0.40022051334381104,0.41557832462019717,0.3965529640873684,0.41557832462019717,740964000
2010-03-19,0.3954067826271057,0.4073262744395991,0.3903638965340452,0.40618016893214187,584612000
2010-03-22,0.4018250107765198,0.4034295531490496,0.39036392746840376,0.39036392746840376,435336000
2010-03-23,0.4100770056247711,0.41213998489032816,0.4020542386495789,0.40480491410407426,493612000
2010-03-24,0.3963237702846527,0.4077848559864988,0.39563610131699734,0.40663875014884604,436252000
2010-03-25,0.3974699079990387,0.4045757756924974,0.39655303418551147,0.4020543317173164,495184000
2010-03-26,0.3974699079990387,0.40503421259926103,0.3942608223263726,0.400908225787747,344676000
2010-03-29,0.40251272916793823,0.40342960282934565,0.3944899616667003,0.3999912856110935,394456000
2010-03-30,0.40411728620529175,0.4091601461741973,0.3972406515226068,0.4070971666995187,324104000
2010-03-31,0.3988453149795532,0.4043466407875071,0.39678230755457344,0.40251286551818916,389840000
2010-04-01,0.39471903443336487,0.40526321391042713,0.39059304997167504,0.40067879280306185,339664000
2010-04-05,0.40067899227142334,0.4013666612449286,0.39678221052999996,0.397240674729216,413636000
2010-04-06,0.3908224403858185,0.3965529690930236,0.383945778611856,0.39563606810468105,809260000
2010-04-07,0.39334383606910706,0.39999126541731855,0.38509186423178066,0.3883009765353253,817468000
2010-04-08,0.38692566752433777,0.39380232944971666,0.38486268807444596,0.3908224489912931,1037600000
2010-04-09,0.3894471228122711,0.39082246070362703,0.3839457985721654,0.3860088054091992,817572000
2010-04-12,0.3965529203414917,0.39815746271718616,0.3892178226377803,0.3899054914631674,546460000
2010-04-13,0.40480488538742065,0.40618019569179004,0.3965529142599541,0.39815745661104135,648696000
2010-04-14,0.40984776616096497,0.4155782943788272,0.4034295690918965,0.4135153151505224,900720000
2010-04-15,0.41282781958580017,0.4153492639901737,0.4070972889625199,0.41122327647634677,957596000
2010-04-16,0.391051709651947,0.39769914044414234,0.38234129911494813,0.3960945976064817,1917736000
2010-04-19,0.3892178237438202,0.3903639293476179,0.3761522253255894,0.3880717181400225,1094492000
2010-04-20,0.3905932307243347,0.3960945549941735,0.3855503706376376,0.39196856862312385,678188000
2010-04-21,0.3805074691772461,0.3931146599165069,0.3759230461176301,0.39265622307560866,895908000
2010-04-22,0.38211217522621155,0.383258281399387,0.3690465429917498,0.3743186368534223,656932000
2010-04-23,0.3768400549888611,0.3818829163328094,0.3701926232545124,0.38096601506324856,752916000
2010-04-26,0.3805074691772461,0.3850918922368621,0.37661071504163585,0.37729838396564164,491092000
2010-04-27,0.36973416805267334,0.3816536653666769,0.36858806201622446,0.3777569103078154,606704000
2010-04-28,0.37042173743247986,0.3756938292461103,0.3628574068376347,0.36950483645493076,672164000
2010-04-29,0.3816535770893097,0.38211204125810405,0.36606653313386023,0.3715678572315396,987128000
2010-04-30,0.36010679602622986,0.37775684793346476,0.3598775912519799,0.3770691789600771,1068048000
2010-05-03,0.35621005296707153,0.3640035893717315,0.35070872832990224,0.3619405823857981,1078972000
2010-05-04,0.3381015658378601,0.35139639964202457,0.3330586780558764,0.35070873064217956,1311376000
2010-05-05,0.3323709964752197,0.34085217358749614,0.32824501029685604,0.33122489072152517,1330840000
2010-05-06,0.32549431920051575,0.3369554035195651,0.2989046560449266,0.3300787693233247,1002888000
2010-05-07,0.3199930489063263,0.3284742263092536,0.3085319636512915,0.3284742263092536,1153712000
2010-05-10,0.3337462842464447,0.34337359378182697,0.3300787624796791,0.33924760788456526,979156000
2010-05-11,0.3300788104534149,0.3367262134079667,0.3275573666704781,0.3305372473252256,829124000
2010-05-12,0.3364969789981842,0.3383307263239221,0.330307986135212,0.3323709928646415,901236000
2010-05-13,0.3358093500137329,0.3504795216410294,0.33260023716151826,0.3351216810221641,1252000000
2010-05-14,0.2970708906650543,0.3140332719365177,0.28881891844376767,0.3131163982787375,2493068000
2010-05-17,0.2977585196495056,0.3014260684395375,0.2883604429533691,0.2975292876031364,856060000
2010-05-18,0.2879020571708679,0.302113763429713,0.2862974872127534,0.3002799887099517,674112000
2010-05-19,0.29248636960983276,0.2929448062849385,0.2844636321569077,0.28652661085753706,826520000
2010-05-20,0.28560981154441833,0.2924864454295183,0.27529483339145433,0.28400524177764375,1129136000
2010-05-21,0.29179880023002625,0.29982154041299014,0.27735786243562804,0.27735786243562804,1069600000
2010-05-24,0.2833176553249359,0.29432030553151295,0.28240078147038217,0.2908819875889534,664564000
2010-05-25,0.2908819019794464,0.2922572123565092,0.271627283447428,0.27437795885218147,966652000
2010-05-26,0.29225724935531616,0.3083027577215355,0.2913403756545344,0.3025722287783562,995028000
2010-05-27,0.30944880843162537,0.30944880843162537,0.29890462612279917,0.29959229493864653,713560000
2010-05-28,0.30119678378105164,0.30899031676719124,0.29661236225696047,0.30899031676719124,545116000
2010-06-01,0.28836044669151306,0.3005091714750065,0.28813121464217223,0.29707085468677136,527492000
2010-06-02,0.2915695607662201,0.29202802491102936,0.28698513792065206,0.2888189125239424,649088000
2010-06-03,0.29111120104789734,0.2917988701219257,0.2846930018991708,0.2856099031063162,586360000
2010-06-04,0.27735796570777893,0.28767292121228566,0.27575339521348335,0.2826300595418143,671456000
2010-06-07,0.26360461115837097,0.28033779061121283,0.2624585052225863,0.2785040156488931,577248000
2010-06-08,0.2562694549560547,0.2624584195233769,0.24962202630386182,0.2624584195233769,967636000
2010-06-09,0.25008052587509155,0.2645214923681067,0.2491636521256869,0.2576448299462961,697152000
2010-06-10,0.2601662874221802,0.2613123933318467,0.25443575787384765,0.2551234268847116,611768000
2010-06-11,0.26612603664398193,0.26727214250008,0.25672795769384976,0.25741562667257245,442104000
2010-06-14,0.2603955566883087,0.27048127920230886,0.25970788757932595,0.2700228422380951,375080000
2010-06-15,0.2732319235801697,0.274607234311447,0.26291694280632427,0.2633754070420711,528632000
2010-06-16,0.2697935700416565,0.27391955633982434,0.26612602059321455,0.27139811267835584,366480000
2010-06-17,0.2801085114479065,0.2807961803589431,0.2695643276795221,0.2791916377834019,859068000
2010-06-18,0.2819422781467438,0.2853805952795924,0.2796500667248447,0.28171304607442765,932832000
2010-06-21,0.2752949595451355,0.28858979661373935,0.27277354236035,0.28790215477036935,579836000
2010-06-22,0.26497992873191833,0.2821715164400015,0.2636045907851442,0.2787331988983849,818164000
2010-06-23,0.2679598033428192,0.27071045184887377,0.2599370352684063,0.2675013664793631,614060000
2010-06-24,0.2546648681163788,0.26773049249622644,0.25374799465916253,0.26635515498509194,725028000
2010-06-25,0.25397732853889465,0.2567279773389489,0.2498513416761527,0.2564987452200606,507220000
2010-06-28,0.2544356882572174,0.2581032370947934,0.24985126587290385,0.2558110259026366,372008000
2010-06-29,0.2402239441871643,0.24916358375474124,0.23861940190333605,0.24893435171763234,660808000
2010-06-30,0.23403504490852356,0.24320389174009432,0.23403504490852353,0.24068244793128477,623072000
2010-07-01,0.2379317581653595,0.2395363006181044,0.22761679360250947,0.23472267325986962,737008000
2010-07-02,0.23495186865329742,0.23930708636650003,0.2269291293832704,0.2388486495875611,737096000
2010-07-06,0.23243045806884766,0.2415993031604117,0.23036745152805746,0.2340350004948086,712020000
2010-07-07,0.24366234242916107,0.24503768046198843,0.23288895225641518,0.23334738915891745,608412000
2010-07-08,0.23632735013961792,0.2454962005996314,0.23334746827504757,0.24526699573332894,783272000
2010-07-09,0.2372441589832306,0.2388487292325363,0.23426427793850577,0.2374733911117949,571516000
2010-07-12,0.24159929156303406,0.24457917153981334,0.23701486923731588,0.23724407395841432,565396000
2010-07-13,0.2503097653388977,0.2519143081102189,0.24412079903504746,0.24549610969961436,723316000
2010-07-14,0.2528311312198639,0.2631460809861513,0.2491635825950594,0.26131230667374905,1355664000
2010-07-15,0.24572527408599854,0.2532895762950603,0.24274539414602728,0.25306034425148094,953088000
2010-07-16,0.23036743700504303,0.24641294222903992,0.22945056348381443,0.24572527342546244,1288604000
2010-07-19,0.23976565897464752,0.240682533051942,0.23197212001632972,0.23357669063958805,798440000
2010-07-20,0.24572527408599854,0.24710058437153842,0.23151354319156822,0.23357654960784624,1160988000
2010-07-21,0.23770257830619812,0.24824676358325024,0.2354103664916494,0.2480175587969875,624940000
2010-07-22,0.24159929156303406,0.24412073477230403,0.23884864363266564,0.2402239539351936,462612000
2010-07-23,0.23747333884239197,0.24159932497113787,0.23518112736256827,0.241370092893029,817604000
2010-07-26,0.24182860553264618,0.2427455068071967,0.2331181937137027,0.23678574416125517,683548000
2010-07-27,0.23976565897464752,0.24297474557050688,0.23678577723544744,0.24251630853185965,683472000
2010-07-28,0.2322012186050415,0.23999475307947324,0.23151354978004562,0.2358687674548109,1320808000
2010-07-29,0.2092791199684143,0.22005252289944657,0.20790379571369888,0.2154680996086224,2664476000
2010-07-30,0.21065443754196167,0.2143219730878991,0.20446545849945055,0.2076745572256425,984288000
2010-08-02,0.21042519807815552,0.21523885282969063,0.20950831080821278,0.2143219655597479,917020000
2010-08-03,0.20492388308048248,0.2090498688624061,0.20331934064454385,0.208820650466223,955444000
2010-08-04,0.21363429725170135,0.21432196612162557,0.20584077593074207,0.20675766320308858,855496000
2010-08-05,0.21638499200344086,0.21684342887806143,0.21042523065741664,0.21432199874232935,800504000
2010-08-06,0.21890640258789062,0.22119861408158714,0.21363431068732536,0.21546808534734585,739904000
2010-08-09,0.22096940875053406,0.22142785927401767,0.21569731653775603,0.22119862718094635,466456000
2010-08-10,0.21180054545402527,0.2177602924859117,0.21088365814235244,0.21730185566140425,772560000
2010-08-11,0.20354855060577393,0.20744530416737786,0.20286088178306433,0.20744530416737786,796148000
2010-08-12,0.20538239181041718,0.20996681568548498,0.19827652387393344,0.1998810667651428,1343584000
2010-08-13,0.21523883938789368,0.21821871941344798,0.21157129053716336,0.21202974097483288,1797392000
2010-08-16,0.20973756909370422,0.21661420398399336,0.20698690693999314,0.21225899915427843,814008000
2010-08-17,0.21248824894428253,0.21638501748813624,0.2097376000472831,0.2118005935513632,481224000
2010-08-18,0.21363429725170135,0.21546807179639438,0.21042519862981726,0.2118005363696657,352920000
2010-08-19,0.2264706790447235,0.22715834787610134,0.21478039088723952,0.21592649649776488,1615100000
2010-08-20,0.22853374481201172,0.2340350698934516,0.2246369899576513,0.22486620842037938,1305308000
2010-08-23,0.22509534657001495,0.23495185991450807,0.2244076777645271,0.22922133207762976,748620000
2010-08-24,0.22280322015285492,0.22509543215918557,0.2173019086051291,0.21776034554133072,641332000
2010-08-25,0.22738759219646454,0.22922136684748745,0.21913561992951958,0.2202817393334025,757532000
2010-08-26,0.22463694214820862,0.23288891435144166,0.22463694214820862,0.2303674708100882,657596000
2010-08-27,0.23197200894355774,0.23380578354542794,0.22028173342894414,0.22601226198146626,1060416000
2010-08-30,0.22096940875053406,0.2310551563152655,0.22096940875053406,0.22922138154664903,602804000
2010-08-31,0.2138635218143463,0.22463692297683138,0.21317585296854585,0.2177602755067973,931488000
2010-09-01,0.21546804904937744,0.21982325288625038,0.2143219434956033,0.21707260502225478,851440000
2010-09-02,0.21936486661434174,0.22005252190726937,0.21409277438860122,0.21615576759270225,596292000
2010-09-03,0.22692915797233582,0.2276168132273766,0.2218862844554119,0.22463694646354992,566484000
2010-09-07,0.22899213433265686,0.2342642122200925,0.22578303572228103,0.2262414725254816,899820000
2010-09-08,0.23655642569065094,0.2381609955042675,0.22692914343552573,0.22945058686379619,1224156000
2010-09-09,0.23334740102291107,0.2397655999602226,0.2303675200171605,0.23953636783465643,697748000
2010-09-10,0.23082591593265533,0.23563957111173828,0.22876293647037238,0.23495190218253828,609292000
2010-09-13,0.24389144778251648,0.24687132708799453,0.2349518098660823,0.2349518098660823,1015792000
2010-09-14,0.24159929156303406,0.24480837626091176,0.2395362851212734,0.24182849628413247,698536000
2010-09-15,0.24205780029296875,0.24228703240752908,0.23609803856760647,0.23930715154484794,555572000
2010-09-16,0.24228693544864655,0.2443499143528399,0.23884861905811786,0.23884861905811786,365280000
2010-09-17,0.24182860553264618,0.24480848685561693,0.2411409637333893,0.24457928203097293,416884000
2010-09-20,0.24549606442451477,0.24641296535711485,0.23953630400121556,0.24182851534474378,443168000
2010-09-21,0.2587909400463104,0.26291692663703786,0.24412079586296773,0.24412079586296773,1779624000
2010-09-22,0.26108306646347046,0.2633752772109728,0.2562694129635925,0.2578739550217826,999996000
2010-09-23,0.2663551867008209,0.2746071580995954,0.2617707642182381,0.2640629754595295,1240872000
2010-09-24,0.28102535009384155,0.28194225096940745,0.270251962914461,0.27231494206518664,1086976000
2010-09-27,0.27506566047668457,0.28331760569819964,0.2713981110502442,0.28308840093737037,999504000
2010-09-28,0.2743779420852661,0.2782746955701222,0.2695642877464183,0.27529481561394553,723192000
2010-09-29,0.27231496572494507,0.2803377329506152,0.2693350854397502,0.27185652890998785,974904000
2010-09-30,0.26773062348365784,0.2789624791189576,0.26543841139384033,0.275753365798019,787632000
2010-10-01,0.2601662874221802,0.2720858107429681,0.2581033077149086,0.2716273465188453,999120000
2010-10-04,0.2576448619365692,0.262000081100301,0.2523727689095899,0.2576448619365692,749500000
2010-10-05,0.2594785690307617,0.26360455498542174,0.2587909001507659,0.26314611817386285,753588000
2010-10-06,0.24710065126419067,0.26062471701429674,0.24457923472880516,0.2594786111367616,1057604000
2010-10-07,0.2452668696641922,0.24847595474556955,0.23793177120621697,0.24824672267176442,761488000
2010-10-08,0.24893441796302795,0.25099742487007287,0.24091167708359676,0.244349994603353,706932000
2010-10-11,0.24778832495212555,0.2521435437644955,0.2466422190528682,0.25008053675064024,442680000
2010-10-12,0.2526019513607025,0.25374805712702697,0.24366230998818147,0.24572531676275566,605208000
2010-10-13,0.259937047958374,0.26360459769570643,0.2539773137918583,0.2567279624321978,968732000
2010-10-14,0.25581109523773193,0.2606247236507604,0.25466496200569255,0.26016628675313674,599172000
2010-10-15,0.2587909400463104,0.26291692663703786,0.2558110866491422,0.2599370459145503,639940000
2010-10-18,0.2603955566883087,0.2615416627615053,0.25443579417755685,0.2590202184703432,448156000
2010-10-19,0.2587909400463104,0.2606247149005581,0.25260197382287897,0.254664953455583,866136000
2010-10-20,0.2587909400463104,0.2658968073595254,0.25443574867712665,0.25902017215008616,763532000
2010-10-21,0.25420644879341125,0.2594785398466628,0.2503096953454643,0.2590201030866653,1014428000
2010-10-22,0.270481139421463,0.2725441456822788,0.25306032518157706,0.25581100019599806,1322676000
2010-10-25,0.2730026841163635,0.2750656911457498,0.27002280329079686,0.2725442472182733,673136000
2010-10-26,0.2720858156681061,0.27621180248265575,0.2675013919464555,0.2697936038072808,675248000
2010-10-27,0.27598243951797485,0.2768993128974697,0.26887657518831215,0.26956424388558725,496796000
2010-10-28,0.27621182799339294,0.28056702000107525,0.27369038378347793,0.27965014610219163,704448000
2010-10-29,0.2755240797996521,0.2785039601034426,0.2727734315674284,0.27575328454590337,554664000
2010-11-01,0.27598243951797485,0.28171296645308735,0.27369022874392984,0.277357776912525,473920000
2010-11-02,0.2817131280899048,0.28629755226837184,0.275524160914039,0.27712870391143773,581036000
2010-11-03,0.28377610445022583,0.2856098793869019,0.27621179991476225,0.2835468723361461,671748000
2010-11-04,0.2842344343662262,0.28950652507774133,0.28377599763594447,0.2865266453429449,700016000
2010-11-05,0.2890482246875763,0.2915696415560988,0.28492223751824847,0.286297548357809,735116000
2010-11-08,0.2901943027973175,0.29271571942325775,0.28652675292736013,0.2888189647647533,605156000
2010-11-09,0.2885896563529968,0.2924864373065833,0.2869851139560977,0.2901942260752093,633964000
2010-11-10,0.2920280694961548,0.2920280694961548,0.28652674484637397,0.29065273150237964,521016000
2010-11-11,0.2890482246875763,0.2938618536140228,0.28125468729544084,0.285151442328847,1089980000
2010-11-12,0.3039475679397583,0.31357487933076095,0.298675475350714,0.30005081335666295,2142560000
2010-11-15,0.30027997493743896,0.30967805286684436,0.2995923333587202,0.30532286201681713,733548000
2010-11-16,0.29134032130241394,0.2993630603261518,0.29088188453754854,0.29523707479173844,739356000
2010-11-17,0.2961539626121521,0.2995922791852805,0.2883604286512077,0.29111107644464823,551764000
2010-11-18,0.3053228259086609,0.30830270592352726,0.30005073470163773,0.30005073470163773,993120000
2010-11-19,0.3151794373989105,0.3163255433509846,0.30417681479393494,0.3046352517097003,716484000
2010-11-22,0.3154085576534271,0.31724230466611314,0.3103656713926057,0.31311634656225795,462668000
2010-11-23,0.308073490858078,0.3149501248136527,0.3057812795395531,0.3117410398978436,457832000
2010-11-24,0.3156377971172333,0.31678390278899743,0.3110533744301769,0.31128260649465556,397784000
2010-11-26,0.3117411732673645,0.3172424718552714,0.3117411732673645,0.3154087238761864,143104000
2010-11-29,0.3151794373989105,0.3163255433509846,0.3089904707227747,0.31036578147007077,468192000
2010-11-30,0.31197020411491394,0.3135747736897267,0.3062396765628992,0.310365661865412,720936000
2010-12-01,0.3257235288619995,0.32778650804882054,0.31770078951831904,0.3181592263014667,626536000
2010-12-02,0.3296201527118683,0.3316831584116509,0.32549416863760566,0.3257234006015713,529316000
2010-12-03,0.33901843428611755,0.33901843428611755,0.32732814344866523,0.32801581243768935,606044000
2010-12-06,0.3326001763343811,0.34085214807341707,0.3312248659280848,0.3401644792076116,438424000
2010-12-07,0.34337353706359863,0.3513962754676831,0.33970598857732165,0.3403936573341624,1026812000
2010-12-08,0.34635353088378906,0.3500210532528578,0.3403937694617384,0.342915213292295,613252000
2010-12-09,0.34062302112579346,0.3429152604943002,0.3332879480526699,0.33810160427348507,942408000
2010-12-10,0.3426859676837921,0.34589505304591883,0.339706087090207,0.3406229608150094,451900000
2010-12-13,0.33397555351257324,0.3447489425982782,0.33305865247476396,0.34406130097656845,609108000
2010-12-14,0.33443397283554077,0.3465826991783828,0.33397553600332935,0.340393733630238,755160000
2010-12-15,0.3270988464355469,0.3392475707316071,0.32664038235525983,0.3351215852862059,624176000
2010-12-16,0.3275572955608368,0.3323709499831462,0.32664039469094736,0.3305371755686801,631872000
2010-12-17,0.3293910622596741,0.33122483663118596,0.3238897391451383,0.32778649260628107,593156000
2010-12-20,0.3280157744884491,0.3321417606199255,0.32778654241018856,0.3305372180480503,344088000
2010-12-21,0.34085211157798767,0.34085211157798767,0.330995598424297,0.3312248304634595,466952000
2010-12-22,0.3445197641849518,0.3449782010762631,0.3369554598396951,0.3401645454041944,477988000
2010-12-23,0.3419983983039856,0.34451984276931474,0.34062305999101944,0.34451984276931474,273784000
2010-12-27,0.34383198618888855,0.3463534292797708,0.3348923466782878,0.3410813383876695,255500000
2010-12-28,0.3424566388130188,0.3461241873264299,0.34039365985254405,0.34383197633687557,194260000
2010-12-29,0.3424566388130188,0.34497808183165274,0.3392475543577669,0.3422274341092496,177660000
2010-12-30,0.3436027765274048,0.3456657830066379,0.3408521285470736,0.341998234149321,174488000
2010-12-31,0.35300084948539734,0.35345931358146776,0.34337356799823315,0.34383200476899095,391252000
2011-01-03,0.3626282215118408,0.3660665388798665,0.35529312259979867,0.3557515867757894,817448000
2011-01-04,0.36148208379745483,0.3649204008618184,0.3534593439806065,0.3633158583635117,651384000
2011-01-05,0.3892178237438202,0.38967628784558966,0.36446193723672793,0.3681294587736927,1428216000
2011-01-06,0.4430849254131317,0.4433141575072881,0.39815753900797807,0.3993036448281237,3493312000
2011-01-07,0.4554629623889923,0.45683830053799074,0.42818562281955697,0.4380421400198517,2579984000
2011-01-10,0.47288355231285095,0.47380042574461345,0.44377245196271464,0.4472107683197881,1750348000
2011-01-11,0.46554872393608093,0.4838864763957346,0.4554630010712591,0.47930205194348374,2711088000
2011-01-12,0.5352319478988647,0.5356903574457138,0.4641733309773404,0.46577787369258705,3431896000
2011-01-13,0.5361487865447998,0.5464637657825689,0.5129974117747411,0.5295013566949183,2695192000
2011-01-14,0.5407331585884094,0.5496727991307642,0.5237708057521174,0.5269798906696923,1595352000
2011-01-18,0.5281258821487427,0.5370655212208854,0.515060285239791,0.5333979727822663,1813348000
2011-01-19,0.5136850476264954,0.5409623795450024,0.5125389692575535,0.5283552442334899,1197896000
2011-01-20,0.5141435265541077,0.5171234069099572,0.4994733295251158,0.5086422299935517,1111408000
2011-01-21,0.5093297362327576,0.526979809874617,0.5084128627755413,0.5196447129156463,739244000
2011-01-24,0.5668643712997437,0.5741994688650117,0.5267506487126132,0.5327103540024406,2056900000
2011-01-25,0.5494437217712402,0.5703028332218635,0.5457761718792103,0.564343071478645,1086856000
2011-01-26,0.5625092387199402,0.5730534225696315,0.5512773859539096,0.5551741400460767,1074660000
2011-01-27,0.5609046816825867,0.5719072747593116,0.5501312933551927,0.5705319916126947,657396000
2011-01-28,0.5446299314498901,0.5716780587614648,0.5317935366791963,0.5622800084162384,1094796000
2011-01-31,0.5482975840568542,0.5558618885692626,0.5366073201061509,0.5455469626482046,750160000
2011-02-01,0.5609046816825867,0.5650306404237005,0.5494436244565685,0.5531111736990206,654104000
2011-02-02,0.5863482356071472,0.5998722988054314,0.5576955667498507,0.5576955667498507,1606616000
2011-02-03,0.5753458738327026,0.5872654004821919,0.5627386779803079,0.5872654004821919,1030776000
2011-02-04,0.5884109735488892,0.5929953945267455,0.5810759327746844,0.5833681432636125,872900000
2011-02-07,0.5638845562934875,0.5829099165603131,0.5618215496185891,0.5803885003914134,934236000
2011-02-08,0.5471516847610474,0.5682400623909784,0.5446302126635607,0.5645725113269914,1076584000
2011-02-09,0.5338565707206726,0.5547157337870864,0.5240000557295463,0.5492143824241259,1277520000
2011-02-10,0.5230831503868103,0.5320227911598103,0.5180402634929213,0.5219370173720324,1042352000
2011-02-11,0.5379825234413147,0.5549449321987833,0.5127681970350194,0.5212493740884372,1359276000
2011-02-14,0.529730498790741,0.5615922484816781,0.5276674924699303,0.5444006384428327,1287828000
2011-02-15,0.5168944001197815,0.532481422119309,0.5146021331368068,0.5306476741137126,886980000
2011-02-16,0.5359196066856384,0.5434839105712771,0.5219370774103421,0.5237708795148027,1318364000
2011-02-17,0.5886404514312744,0.5962047543186277,0.5182694594543765,0.5207909301839138,3470096000
2011-02-18,0.5874943137168884,0.5948294118065028,0.5783254684301847,0.5854313071321915,1394412000
2011-02-22,0.5320227146148682,0.5698442242508783,0.5301889129851882,0.5682396819815473,1396648000
2011-02-23,0.5068085789680481,0.537065801037705,0.4992442734506339,0.5320229671265276,1491604000
2011-02-24,0.5191863179206848,0.5281259026899079,0.5056622564369124,0.5093297503675569,1246120000
2011-02-25,0.5299598574638367,0.5386702400423438,0.5258338436235142,0.5331689429058847,775652000
2011-02-28,0.5194154977798462,0.5388993179447422,0.5074959791236163,0.5386700585970783,903696000
2011-03-01,0.49626424908638,0.52697992658541,0.49626424908638,0.5203324969097934,988448000
2011-03-02,0.47563445568084717,0.5049748021421965,0.46417339565312754,0.4955766946640148,1718140000
2011-03-03,0.4783848524093628,0.48938749765403944,0.46394391809802554,0.4866368226802154,1593704000
2011-03-04,0.475863516330719,0.4836570238585168,0.470591424850002,0.47884339650028196,959760000
2011-03-07,0.46921607851982117,0.48090639424754816,0.4572965853856885,0.4793018518242577,1019140000
2011-03-08,0.448127806186676,0.47678045126222535,0.4382712634903057,0.47425903489076765,1947184000
2011-03-09,0.43872973322868347,0.45110769245328963,0.4348329515887982,0.4467524739514526,1318976000
2011-03-10,0.41076478362083435,0.43185312798108183,0.4103063193730702,0.42864404219866303,1722736000
2011-03-11,0.4137444794178009,0.425205562057889,0.4048048672023995,0.414202943490641,1486832000
2011-03-14,0.4171828329563141,0.4274977829774397,0.4103061722835851,0.41695360091460876,1003360000
2011-03-15,0.40480488538742065,0.4116815188852052,0.3899054854835748,0.3967821189813594,1256280000
2011-03-16,0.4018250107765198,0.4206211644485672,0.3965529195593678,0.401137341952489,1476520000
2011-03-17,0.4093894362449646,0.41328619098534597,0.3942608268701651,0.4125985219546149,1238516000
2011-03-18,0.4038880169391632,0.4171828755588766,0.40342958013424907,0.41580753781881946,886960000
2011-03-21,0.40709710121154785,0.41672438275354373,0.40297111560060306,0.41259839714259894,751832000
2011-03-22,0.3999912738800049,0.40984778841498215,0.3981574992856554,0.4059510344803117,718332000
2011-03-23,0.4082432687282562,0.40938937449817114,0.390593218011313,0.3993036273277297,782396000
2011-03-24,0.4407927095890045,0.4458355970100346,0.416036818643769,0.4169536923610556,1780592000
2011-03-25,0.42703941464424133,0.4458355706658221,0.42635174573425144,0.44468946492427774,1196392000
2011-03-28,0.4428556263446808,0.45019069656665345,0.4332283176451973,0.4371250711388722,1204284000
2011-03-29,0.4394173324108124,0.44446019174218093,0.4334575721758135,0.44285564931747007,715764000
2011-03-30,0.42291346192359924,0.44468950005876223,0.4174121375343422,0.44285572526234324,1176320000
2011-03-31,0.4231426417827606,0.42818552900734796,0.41534913351346225,0.42360110594886263,655112000
2011-04-01,0.4171828329563141,0.4291023252934413,0.41145227784148797,0.4286438885353425,850072000
2011-04-04,0.40228354930877686,0.4183290590687411,0.3993036685344218,0.4171829531805522,924328000
2011-04-05,0.4029712677001953,0.4114524468472936,0.4020543664820649,0.408243360897145,821076000
2011-04-06,0.40022051334381104,0.40640947880440653,0.3967821688375736,0.4059510419786802,856984000
2011-04-07,0.4148906171321869,0.41741206042714973,0.39953280728414875,0.401137349687619,1021208000
2011-04-08,0.40228354930877686,0.4180998269609754,0.401137443420588,0.4180998269609754,746552000
2011-04-11,0.3970113694667816,0.40595100982427973,0.3926561789793716,0.40388800328394303,546208000
2011-04-12,0.39815753698349,0.4009081854727898,0.3857795777936639,0.393114676865554,840756000
2011-04-13,0.40709710121154785,0.40961851712773256,0.39724058762021114,0.40228344677789346,749588000
2011-04-14,0.4242887794971466,0.4245180115974592,0.4011374303783275,0.4034296420801782,1254704000
2011-04-15,0.42887333035469055,0.43414542396487993,0.41901678494515465,0.4210797923536594,969720000
2011-04-18,0.4146614968776703,0.42153813200085455,0.4080140665300674,0.4187874834166446,743584000
2011-04-19,0.413056880235672,0.4164951971820179,0.4018250284824202,0.4148906274134719,659860000
2011-04-20,0.42566409707069397,0.43437450658579935,0.4187874622943451,0.42818554075214893,650516000
2011-04-21,0.4245179295539856,0.43299913307198795,0.42360105598057035,0.430248457701115,421300000
2011-04-25,0.431165486574173,0.43827132719051143,0.4261225984476674,0.4263518305717165,619612000
2011-04-26,0.44239717721939087,0.4467523949510836,0.430477684289809,0.4348328746961884,676000000
2011-04-27,0.44239717721939087,0.4446894157744435,0.43322833230043356,0.4446894157744435,450004000
2011-04-28,0.44721078872680664,0.45615042805831485,0.4373542759216974,0.4423971346771245,684000000
2011-04-29,0.4584428071975708,0.4685285284072762,0.4495031645875258,0.4501908336075786,836000000
2011-05-02,0.45225366950035095,0.4682991463772504,0.44996145851793673,0.4680699416741952,613824000
2011-05-03,0.4307069182395935,0.44835696776633277,0.42520562184510013,0.446981657330367,808000000
2011-05-04,0.427497923374176,0.4368960029655745,0.41947518183406735,0.43208234711138094,639356000
2011-05-05,0.4277270436286926,0.4327699029557065,0.41832896649515167,0.424059494667966,544000000
2011-05-06,0.4428556263446808,0.4469816118837005,0.4332283176451973,0.436666634373495,841080000
2011-05-09,0.45271211862564087,0.4550043296708088,0.44308481037568676,0.44423091589827074,706328000
2011-05-10,0.4533999264240265,0.4568382440460223,0.44881547560271257,0.45637980716148674,690976000
2011-05-11,0.4554629623889923,0.4602765912598412,0.4492739953691449,0.45569219452226634,616000000
2011-05-12,0.46990373730659485,0.47036220141084695,0.4527121531565369,0.4538582587665408,1224000000
2011-05-13,0.4185582399368286,0.44125115162159917,0.415349154563379,0.44010504579889315,2025192000
2011-05-16,0.40572184324264526,0.41832903460064735,0.40549263847360556,0.41741213354853396,728188000
2011-05-17,0.40411728620529175,0.4045757230524073,0.39242699631460043,0.40434651829150814,1420364000
2011-05-18,0.4135153591632843,0.41695367645996106,0.40434651303881297,0.4057218235622935,658844000
2011-05-19,0.40755558013916016,0.416953657929189,0.40136661474526303,0.4167244258561383,650884000
2011-05-20,0.4146614968776703,0.4155783706306339,0.4048049810693756,0.40663875590062193,575820000
2011-05-23,0.414203017950058,0.41718289833264194,0.40342960215723017,0.40870169401483003,588000000
2011-05-24,0.4158075749874115,0.43254072480239664,0.4151199060559129,0.4162660118333048,720372000
2011-05-25,0.42085039615631104,0.4236010716287966,0.409618544177834,0.41374453006124773,545312000
2011-05-26,0.43139469623565674,0.43506224630985263,0.4197044042838141,0.4208505102663351,706436000
2011-05-27,0.44698160886764526,0.447669250348415,0.43276987795965993,0.43322831472194384,658824000
2011-05-31,0.4593595266342163,0.45958878599761616,0.44468938665466085,0.45569200530198317,1200716000
2011-06-01,0.43872973322868347,0.4579843273585204,0.4378128321794618,0.4572966584029337,762208000
2011-06-02,0.4366666078567505,0.44262636742068284,0.4313945170617812,0.4394172829326028,607592000
2011-06-03,0.4231426417827606,0.43552060043586116,0.42107966233656896,0.431623846301212,549300000
2011-06-06,0.414203017950058,0.4263517442327056,0.41374455379480185,0.4224549901902418,435988000
2011-06-07,0.4139738380908966,0.4197043675012827,0.4121400632145091,0.41741215573712825,433956000
2011-06-08,0.40274202823638916,0.41443232044625283,0.39953294234463027,0.41191090362424876,569288000
2011-06-09,0.39815753698349,0.4034296291944168,0.38371659825801857,0.4025127554730895,741632000
2011-06-10,0.3924270272254944,0.4013666694123375,0.389217914392274,0.3988452255666158,493548000
2011-06-13,0.3896763324737549,0.397469840542015,0.38692565684936553,0.3924269807728281,574760000
2011-06-14,0.3928854167461395,0.4015958257786648,0.39128087418561763,0.39311464882277813,534576000
2011-06-15,0.38440409302711487,0.38990538751291953,0.3763813286369157,0.38761317692295,935916000
2011-06-16,0.37110939621925354,0.39059322182327477,0.3656080994000993,0.3846334608314267,1024908000
2011-06-17,0.3623988926410675,0.3756937490372707,0.35093783780845456,0.3754645170104944,1467884000
2011-06-20,0.3580436706542969,0.3667540770116975,0.3552929958806805,0.3591897760348678,745960000
2011-06-21,0.36583733558654785,0.3685880115577252,0.3559808195573479,0.359419137196,704276000
2011-06-22,0.3607944846153259,0.36812955697117755,0.360106815604551,0.36331592854639383,651720000
2011-06-23,0.37156787514686584,0.3740892915702212,0.3530009225003063,0.3562100352100108,744024000
2011-06-24,0.3607944846153259,0.37294321272128156,0.35850227279628977,0.3697341271047591,529052000
2011-06-27,0.3532300889492035,0.36308660269133214,0.3406228998741546,0.3607943914641075,1142152000
2011-06-28,0.3552931249141693,0.35941911124774023,0.3507087017269389,0.35323014541004266,692200000
2011-06-29,0.3607944846153259,0.36446203445591185,0.34520743878081606,0.35758537167348314,960544000
2011-06-30,0.3653789460659027,0.3692757010964693,0.3562100978408881,0.3617113958457676,652300000
2011-07-01,0.3701925277709961,0.37156786565793504,0.3580438008540942,0.36537887249202744,540804000
2011-07-05,0.3640035390853882,0.3731723848886934,0.36079442665904177,0.36973406771245393,535296000
2011-07-06,0.35918989777565,0.36446198977821603,0.35483467945817504,0.3637743208517393,529580000
2011-07-07,0.36056530475616455,0.36285751690738643,0.3541471052676783,0.36102376904666833,986136000
2011-07-08,0.3536885976791382,0.35804381629201887,0.35070871701249745,0.3555223724990185,619516000
2011-07-11,0.3413105905056,0.3484164566939465,0.3403937168862782,0.34704114626496374,714388000
2011-07-12,0.3367261290550232,0.34291512091268445,0.3309956012796419,0.33970600896328385,867604000
2011-07-13,0.3360385298728943,0.3436028335685315,0.33282944458399005,0.3413106219835092,634368000
2011-07-14,0.32274365425109863,0.33947680205931025,0.321139111820243,0.33741382283754073,1088996000
2011-07-15,0.3232022523880005,0.3266405710242707,0.31655484728800914,0.3245775907726396,827736000
2011-07-18,0.31632551550865173,0.32251448164004726,0.3121995289792817,0.32068073413838855,818200000
2011-07-19,0.32595279812812805,0.32664043971869633,0.3172423616273425,0.3172423616273425,602224000
2011-07-20,0.3218268156051636,0.32893265494898777,0.3209099145984877,0.3270989075862698,662956000
2011-07-21,0.3369554281234741,0.33924763968959426,0.31747160248613526,0.32228525770511457,1143420000
2011-07-22,0.34383198618888855,0.34497809171650573,0.33558001545992033,0.33993523286005234,737192000
2011-07-25,0.33833077549934387,0.33993534563055866,0.3335171470816603,0.3385600076110375,566920000
2011-07-26,0.3300788104534149,0.3369554455065314,0.3252651549861059,0.32870347251266413,698276000
2011-07-27,0.31770089268684387,0.327098972757164,0.3167839914974855,0.3254944025071174,652212000
2011-07-28,0.3170131742954254,0.32366057708858387,0.31151184999130854,0.3165547374347452,648176000
2011-07-29,0.3170131742954254,0.319993054877824,0.31219951894498793,0.3138040616200277,677656000
2011-08-01,0.33397555351257324,0.33489242722506474,0.3215975944420315,0.3243482429048238,1019620000
2011-08-02,0.33053719997406006,0.3525424399217957,0.33053719997406006,0.33168330565206056,1356432000
2011-08-03,0.33947688341140747,0.3406229893260015,0.32801582426546705,0.33122493722152263,765236000
2011-08-04,0.30715665221214294,0.3332878806119873,0.30715665221214294,0.3332878806119873,979732000
2011-08-05,0.2968416213989258,0.3181592181874163,0.28881888225985014,0.3142624646420707,1270588000
2011-08-08,0.2734611928462982,0.2924865887051092,0.27162741744692737,0.28240083767123325,1084180000
2011-08-09,0.29638320207595825,0.2968416388744031,0.2750656313577856,0.2787331530706589,1329832000
2011-08-10,0.2828592360019684,0.295924866857118,0.2812546929939764,0.2876728923512681,1140052000
2011-08-11,0.30738577246665955,0.31151175764022404,0.2828590934503134,0.2828590934503134,1078792000
2011-08-12,0.29523712396621704,0.3406229450788807,0.2904234688200905,0.34016450823765837,3195784000
2011-08-15,0.3064689636230469,0.307156632517825,0.2966124489987359,0.298216991536341,864152000
2011-08-16,0.2977585196495056,0.3071565963456421,0.29225719646445775,0.3030306107881843,716868000
2011-08-17,0.29363250732421875,0.30371825191472385,0.289735754168362,0.2986753659568163,553328000
2011-08-18,0.27369019389152527,0.28308826779845836,0.27048108282133393,0.2803376206849403,802564000
2011-08-19,0.2688765823841095,0.28400518482780823,0.2670428082507356,0.2691058143977719,761332000
2011-08-22,0.27369019389152527,0.2796499520752347,0.27071031479967056,0.27644084100504335,611876000
2011-08-23,0.30325978994369507,0.3034890219707394,0.27987921619757833,0.280337680251667,938312000
2011-08-24,0.2989046573638916,0.30348908018161475,0.29111112217857305,0.3025722065481963,687500000
2011-08-25,0.2860683500766754,0.29821707972603,0.28560991311969147,0.2929449864074055,690968000
2011-08-26,0.29821696877479553,0.3011968488745162,0.27987925139004866,0.2849221380166437,732660000
2011-08-29,0.3062397539615631,0.30738585976163146,0.29959235125129385,0.3066982181418446,601528000
2011-08-30,0.3135748505592346,0.3160962669050328,0.3021137653203324,0.30417677213996813,684760000
2011-08-31,0.30509352684020996,0.31907602297099247,0.30257211147789803,0.31586693893702933,705808000
2011-09-01,0.30440598726272583,0.3158670728916767,0.30417678249184427,0.3092196426803788,762312000
2011-09-02,0.2961539626121521,0.30165525819903305,0.2938617242380887,0.2975292728462168,471356000
2011-09-06,0.302113801240921,0.30280147026256177,0.28377610639887857,0.28652675516012077,696248000
2011-09-07,0.32664045691490173,0.33558009864140464,0.31770084251371683,0.32664045691490173,1606620000
2011-09-08,0.325035959482193,0.3312249535870498,0.31976386654950695,0.32343141658754637,880164000
2011-09-09,0.3181592524051666,0.3309956473383558,0.3154086041552877,0.32228523844264284,869828000
2011-09-12,0.3257235288619995,0.32847417688619873,0.31380400854828067,0.31380400854828067,916480000
2011-09-13,0.3330587148666382,0.334663285152059,0.3234314297807276,0.32847429079474527,853836000
2011-09-14,0.350250244140625,0.3546054623058824,0.3415398351354262,0.3417690672113456,1547192000
2011-09-15,0.3552931249141693,0.35987757542671733,0.3520840396132351,0.35804380068676167,752908000
2011-09-16,0.35437625646591187,0.36904642727795,0.35254248169874236,0.35598079914019093,1391588000
2011-09-19,0.3470411002635956,0.35093785361715907,0.33810146069626723,0.34841641051027666,968204000
2011-09-20,0.3381015658378601,0.35277173764171466,0.3364970230551016,0.35139639964202457,792436000
2011-09-21,0.33168327808380127,0.3458949818447215,0.33145404603712814,0.3399352492096582,715252000
2011-09-22,0.3096781373023987,0.3190762177942456,0.3037184022682109,0.31861778084166553,1314632000
2011-09-23,0.31609630584716797,0.32503594851629225,0.3060105845708092,0.3078443595279619,1011440000
2011-09-26,0.3167839050292969,0.3209098909418896,0.3025722000639795,0.31999301732812,972124000
2011-09-27,0.31724244356155396,0.3275574253132436,0.3147210266525253,0.3248067762646107,781388000
2011-09-28,0.3076150417327881,0.3259527588714787,0.30257218249917195,0.3179299922528128,1236532000
2011-09-29,0.3000507354736328,0.3183884523833806,0.29225720100506025,0.313116361162793,866416000
2011-09-30,0.2867559790611267,0.29684170000519794,0.2862975148429526,0.2952371572175484,677784000
2011-10-03,0.27071043848991394,0.29202803850448555,0.27071043848991394,0.28308839714431194,949896000
2011-10-04,0.29569560289382935,0.29569560289382935,0.2629169405386313,0.2640630464674709,1361548000
2011-10-05,0.3062397539615631,0.30899042974198127,0.2890481669605381,0.2950079007257028,856708000
2011-10-06,0.31838852167129517,0.3193053954199224,0.3073858727358552,0.3078443369354877,773192000
2011-10-07,0.32434824109077454,0.3291618963677269,0.31311641521164235,0.3197638179033218,806976000
2011-10-10,0.33878907561302185,0.33878907561302185,0.32916176879048964,0.32984943746714296,534376000
2011-10-11,0.3351217210292816,0.3415399201746015,0.3339756150149503,0.33603859491061755,816080000
2011-10-12,0.3348924517631531,0.341769114411974,0.3346632469808949,0.3415398823043961,612064000
2011-10-13,0.35437625646591187,0.3550639254192652,0.33237101391051366,0.3332878876314394,854832000
2011-10-14,0.36033597588539124,0.36423272973589005,0.3516255672443666,0.36056518062641185,702452000
2011-10-17,0.3424566388130188,0.35620993207565527,0.34062286455631324,0.35620993207565527,611780000
2011-10-18,0.35483473539352417,0.3557516365484704,0.338560019977771,0.34062299975708793,590916000
2011-10-19,0.3477289080619812,0.3614822083849254,0.34681203412560296,0.35529321367573696,557568000
2011-10-20,0.33030807971954346,0.33970616039057855,0.3172424487072936,0.338330822181292,990308000
2011-10-21,0.3319125771522522,0.3399353458372433,0.3264112797214632,0.33443402108113396,628428000
2011-10-24,0.34429049491882324,0.3495625869132088,0.33260020516280814,0.3332878740882179,535256000
2011-10-25,0.33122482895851135,0.34222744760740004,0.33053716016945994,0.33947677245119423,577996000
2011-10-26,0.3351217210292816,0.33947691295361143,0.32549440864864043,0.3376431651909396,503116000
2011-10-27,0.34956249594688416,0.3530008123538661,0.33970598344847386,0.3474995170328189,577732000
2011-10-28,0.35758545994758606,0.36079457368163564,0.34566596101119607,0.34658283503502335,490156000
2011-10-31,0.3392476439476013,0.34818728556286477,0.3392476439476013,0.34612427873227275,519984000
2011-11-01,0.3222852647304535,0.32778656167893505,0.319076152072741,0.32686968796262744,790824000
2011-11-02,0.3167839050292969,0.32709888347343613,0.3101365030161804,0.3254943136613671,961608000
2011-11-03,0.3358093500137329,0.33649701900530177,0.3117410992607415,0.32022227728923813,749372000
2011-11-04,0.33970609307289124,0.34085219891173785,0.3275573657160536,0.3328294580398117,654840000
2011-11-07,0.33787238597869873,0.3429152745405243,0.33007887564277144,0.3371847168725112,613536000
2011-11-08,0.3456657826900482,0.3477287618420789,0.33672614260551825,0.3422274658864551,549728000
2011-11-09,0.3282449245452881,0.34199818999668347,0.3268695870700248,0.33764300020053206,532244000
2011-11-10,0.33168327808380127,0.3397060171629851,0.3234313069579443,0.33626770041476345,990484000
2011-11-11,0.34337353706359863,0.34612418476565127,0.3225143789575448,0.3410813260910031,1751560000
2011-11-14,0.3367261290550232,0.34681187433488136,0.3358092555410869,0.3433735576696526,500292000
2011-11-15,0.34108129143714905,0.34360270685564226,0.3326000898399873,0.33351699053105455,505660000
2011-11-16,0.3342047929763794,0.3436028724690895,0.3330586870541133,0.3346632572055423,512420000
2011-11-17,0.3222852647304535,0.33443399176077804,0.31632550359850015,0.33351711804447043,657504000
2011-11-18,0.3193051815032959,0.324118833772008,0.31586686626144456,0.324118833772008,501352000
2011-11-21,0.33535081148147583,0.33855989603568315,0.3094487937104238,0.3142624478670461,1330788000
2011-11-22,0.3456657826900482,0.3474995571170271,0.33718457938093477,0.3390183538079137,1287480000
2011-11-23,0.3309957981109619,0.3445198680983279,0.3307665659335058,0.34199842344762277,825340000
2011-11-25,0.3218268156051636,0.33420474693009405,0.3209099145984877,0.3266404434202735,406620000
2011-11-28,0.3399353325366974,0.3449781928718302,0.33237102837133853,0.33237102837133853,690616000
2011-11-29,0.3417689800262451,0.3461241697551798,0.33626765753540716,0.33947674182774756,623440000
2011-11-30,0.35827314853668213,0.35919004993550735,0.34910429850040126,0.35208418022725824,730324000
2011-12-01,0.3626282215118408,0.36354509521318734,0.35368857995978353,0.35529312259979867,529760000
2011-12-02,0.36033597588539124,0.36790027884536824,0.35689765884224844,0.3665249410979852,546464000
2011-12-05,0.35483473539352417,0.3667542591305767,0.35185485445926107,0.3662958222157642,644696000
2011-12-06,0.34979185461997986,0.35758536370081173,0.3461243048611651,0.3568977220306887,573832000
2011-12-07,0.3477289080619812,0.3502503523750079,0.3403938345949822,0.34749970324054885,510016000
2011-12-08,0.3367261290550232,0.3500209589589702,0.3355800234999469,0.3442904311835889,491488000
2011-12-09,0.3415398597717285,0.34429050825459445,0.32962033747044633,0.3342047607169955,555840000
2011-12-12,0.3330587148666382,0.33558015903630845,0.3268697478346473,0.3342048208846114,573208000
2011-12-13,0.3238897919654846,0.3415398424287027,0.3218268125394205,0.33741385625125797,516596000
2011-12-14,0.3112826645374298,0.32297295549935906,0.30784434688101764,0.321139180617542,636020000
2011-12-15,0.3085319697856903,0.3186177173595623,0.30784432815648927,0.31655473782132293,435148000
2011-12-16,0.3096781373023987,0.3170132378449736,0.3083028264446585,0.31105347548546236,619116000
2011-12-19,0.3016553223133087,0.31472094992843364,0.3005092165453375,0.3110534005407991,463276000
2011-12-20,0.31861773133277893,0.31976383719880147,0.308531983316589,0.308531983316589,445208000
2011-12-21,0.3144916892051697,0.3202222175231685,0.3083027240867939,0.3167839005323692,548424000
2011-12-22,0.3280157744884491,0.3289326481508589,0.3154086113410757,0.3154086113410757,576560000
2011-12-23,0.32480669021606445,0.3300787821023547,0.3220560145708234,0.3296203179446036,248948000
2011-12-27,0.3222852647304535,0.3273281248207813,0.32136836368882793,0.32343137053849697,195712000
2011-12-28,0.31426241993904114,0.3229728266589241,0.31403318792326446,0.3222851579369027,233960000
2011-12-29,0.32022222876548767,0.320909897652853,0.3128871577259934,0.3174715805413418,211112000
2011-12-30,0.31770089268684387,0.3225145214610167,0.31724242842950356,0.319076203482898,186956000
2012-01-03,0.3218268156051636,0.3300787880386618,0.3211391466814859,0.3277865491846306,468044000
2012-01-04,0.32549431920051575,0.32686965696988995,0.3190761218189616,0.32205600210239554,347372000
2012-01-05,0.33718469738960266,0.33878926765310097,0.32251452416478354,0.32388986229768996,563548000
2012-01-06,0.33328795433044434,0.33718470941219103,0.32939119924869764,0.3369555045987491,533252000
2012-01-09,0.33328795433044434,0.339706153637316,0.3309957422440847,0.3335171864692097,508244000
2012-01-10,0.3319125771522522,0.33856000781688583,0.3296203653352034,0.3383307757050529,546328000
2012-01-11,0.32526519894599915,0.3319126027989537,0.32388986081937016,0.3289327217414725,484272000
2012-01-12,0.3232022523880005,0.32618213400450013,0.3160963829429111,0.32595292915727864,652364000
2012-01-13,0.31472086906433105,0.3215975019052821,0.3131163268665044,0.32090983315612504,504300000
2012-01-17,0.3099072277545929,0.3195345359838741,0.30944879101160594,0.3195345359838741,627176000
2012-01-18,0.3204514682292938,0.32297291176603204,0.3142625027508553,0.31586704530818144,632676000
2012-01-19,0.32893261313438416,0.3293910772420996,0.3197637681850897,0.3232020850410751,608312000
2012-01-20,0.32595279812812805,0.33237099580085877,0.3248066923767589,0.3284742143859503,546272000
2012-01-23,0.3348924517631531,0.335121683870731,0.32205605489582295,0.3261820415549876,562792000
2012-01-24,0.3424566388130188,0.34383197633687557,0.3323709213891039,0.3326001260928731,730920000
2012-01-25,0.34039369225502014,0.34131056580799596,0.32366051764805037,0.3332878265808618,1274152000
2012-01-26,0.33718469738960266,0.3493334538045234,0.33535094964615747,0.34543667153639607,799672000
2012-01-27,0.3417689800262451,0.34360272686454874,0.33237090451604845,0.3351215520988129,449996000
2012-01-30,0.3392476439476013,0.34085218659896116,0.3307664391862525,0.33580932655526563,399076000
2012-01-31,0.3385598957538605,0.3403936700655859,0.33260013607208067,0.34016443802962854,357900000
2012-02-01,0.3422275185585022,0.3461242727372591,0.3376430954481253,0.34245672331883076,428020000
2012-02-02,0.35506388545036316,0.35643919587693557,0.3406229210314908,0.3440612654112092,696236000
2012-02-03,0.3626282215118408,0.36560810202919325,0.3596483409944884,0.360336009933157,495232000
2012-02-06,0.3598775267601013,0.3612528371350952,0.35666841456782106,0.3607944003434306,278868000
2012-02-07,0.3607944846153259,0.36285746432233035,0.35437628605696064,0.36033604771658273,410296000
2012-02-08,0.37386006116867065,0.3809659004113056,0.3589606591188827,0.36079443378080406,847612000
2012-02-09,0.3736308813095093,0.3805075167588408,0.37294321229951205,0.37844453705416947,561944000
2012-02-10,0.3644619286060333,0.3713385620659762,0.362398922172863,0.36996322444386265,440268000
2012-02-13,0.3701925277709961,0.37500618304996475,0.3626282240434672,0.3736308451630258,610668000
2012-02-14,0.37225547432899475,0.37546458667271854,0.3669833826627676,0.3701924950064914,453756000
2012-02-15,0.3706509470939636,0.38738412373411674,0.369734073429582,0.3756938342240114,1110856000
2012-02-16,0.3770692050457001,0.3800490859196487,0.3438321058520529,0.34520744389397406,1888588000
2012-02-17,0.3633158504962921,0.3798197665827994,0.3598775335063817,0.3772983505187204,1020360000
2012-02-21,0.3651496171951294,0.37408923024713725,0.3623989418019142,0.36308661065021797,518176000
2012-02-22,0.3626282215118408,0.37225550467724927,0.3621697846611675,0.36331589045050944,492432000
2012-02-23,0.3646913170814514,0.3667543245540994,0.3575854479956518,0.36331600609167886,323968000
2012-02-24,0.36194053292274475,0.3662957510809815,0.3603359903698432,0.3658372869298817,366668000
2012-02-27,0.35460540652275085,0.3589605966775754,0.3495625202483498,0.3573560543744986,745268000
2012-02-28,0.3513964116573334,0.35873151147272986,0.3477288617496351,0.3546055246578995,699884000
2012-02-29,0.3472704589366913,0.3585023145534086,0.34704125412328285,0.35254255219961383,689196000
2012-03-01,0.34956249594688416,0.35368848110032447,0.3472702850088962,0.34864562250181286,449944000
2012-03-02,0.3525424897670746,0.3575853499982138,0.3484165032778448,0.3484165032778448,684076000
2012-03-05,0.34062302112579346,0.3507087705109959,0.33810160427348507,0.3500211014329762,514848000
2012-03-06,0.3374139070510864,0.33947688678774535,0.3314541453057952,0.33672623803042656,471400000
2012-03-07,0.33947688341140747,0.3408522214390485,0.33466325496530475,0.33924767862368094,441984000
2012-03-08,0.34062302112579346,0.34406136651589214,0.33856004121705724,0.3403938163166689,430852000
2012-03-09,0.33970609307289124,0.3440613116556995,0.337872318265673,0.34153986788010954,367836000
2012-03-12,0.33443397283554077,0.34337361402758665,0.333517099171118,0.3410814025412133,299948000
2012-03-13,0.33901843428611755,0.3408522091484088,0.33420477868826787,0.3358093487710974,553288000
2012-03-14,0.3293910622596741,0.3397060123584525,0.32824495669314313,0.3390183435534715,735708000
2012-03-15,0.3342047929763794,0.3360385679170692,0.32916193238347274,0.33030803830573885,382380000
2012-03-16,0.33466315269470215,0.336038462976738,0.33260014628368023,0.3344339206517068,428340000
2012-03-19,0.33558011054992676,0.33810155435528555,0.3339755678216616,0.3364970116270204,405400000
2012-03-20,0.3300788104534149,0.33374633275321913,0.3270989297986674,0.33374633275321913,449616000
2012-03-21,0.33145415782928467,0.33443403881452055,0.3264112970294434,0.3300788470613216,467840000
2012-03-22,0.3309957981109619,0.33374644761379507,0.32801591643067257,0.3289327904898409,425372000
2012-03-23,0.3335171639919281,0.33443403783455017,0.3277866068369146,0.330078846094113,315456000
2012-03-26,0.3374139070510864,0.3390184498824123,0.3335171523677748,0.33672623803042656,288600000
2012-03-27,0.33970609307289124,0.3438320795578027,0.33810155036356976,0.3387892193319414,419968000
2012-03-28,0.3474995195865631,0.3520839414962296,0.3415397601738727,0.34406120315431327,892448000
2012-03-29,0.3491041660308838,0.3518548145329535,0.34268596797584244,0.34704118648566107,372700000
2012-03-30,0.35300084948539734,0.35506385594177636,0.3470411168149208,0.35208397594388174,527240000
2012-04-02,0.3513964116573334,0.3550639615650316,0.34635355102823884,0.35208408068069186,407776000
2012-04-03,0.3456657826900482,0.3543761907242134,0.34383200826306926,0.35391775394879693,430476000
2012-04-04,0.3358093500137329,0.344748964928169,0.33374634303902645,0.34039377352376565,495896000
2012-04-05,0.33535081148147583,0.34039367034893503,0.334204678626046,0.3362676849754461,369424000
2012-04-09,0.3309957981109619,0.3321419043475864,0.3245775977207991,0.33007892405179357,365504000
2012-04-10,0.3245775103569031,0.3342047946881852,0.32297296752257615,0.32962037097563934,470360000
2012-04-11,0.32870352268218994,0.3358093909184291,0.3277866214733046,0.32893272749041913,372960000
2012-04-12,0.3364969789981842,0.3383307263239221,0.327786542574348,0.3291618803939677,384868000
2012-04-13,0.3245775103569031,0.3353509279416424,0.3243482782411475,0.33351715299155993,311324000
2012-04-16,0.32068073749542236,0.3277865774520345,0.3154086450596655,0.32686970369160684,463468000
2012-04-17,0.3213683068752289,0.3254942925198302,0.3202222012698015,0.3215975389264396,460696000
2012-04-18,0.3179299235343933,0.32090980295004884,0.3140331707563702,0.31930526090325195,400764000
2012-04-19,0.3131163716316223,0.32572353364243306,0.3115118018790862,0.3138040131537791,667188000
2012-04-20,0.3069274127483368,0.31586705408818644,0.30623974382599195,0.3149501530832877,509592000
2012-04-23,0.30325978994369507,0.3046351274553408,0.2959247203073081,0.30165524773031516,706244000
2012-04-24,0.29386183619499207,0.3066982612139236,0.2922572933146212,0.3041768171695397,730440000
2012-04-25,0.29982152581214905,0.30211373718136875,0.292715659637442,0.29821698331875823,727112000
2012-04-26,0.3000507354736328,0.30257217872161773,0.29752929222564783,0.2995922986990845,539208000
2012-04-27,0.297529399394989,0.3014261816955429,0.2943203134919334,0.2995924066115157,475356000
2012-04-30,0.29798758029937744,0.2995921491975589,0.2938615967367522,0.2959246021807145,262268000
2012-05-01,0.30325978994369507,0.30646890169576513,0.29638315703608664,0.29638315703608664,408680000
2012-05-02,0.2945495843887329,0.303259997498271,0.2929450410771854,0.30211389122926147,684008000
2012-05-03,0.2895067036151886,0.2970710099682953,0.2876729282378707,0.2952372345909774,419536000
2012-05-04,0.28102535009384155,0.28927732134737,0.28102535009384155,0.28767277897177085,545092000
2012-05-07,0.2858389914035797,0.29088187767404683,0.28354678030802616,0.2860682234432597,604440000
2012-05-08,0.28560981154441833,0.2874435587201937,0.27827471354006045,0.28331757292407095,462312000
2012-05-09,0.2867559790611267,0.2890481908507174,0.27781633668653094,0.2805669853689758,520608000
2012-05-10,0.2846928536891937,0.28996494407835116,0.280108432016067,0.28950650737610023,597092000
2012-05-11,0.30280137062072754,0.31357478465551275,0.301655265070245,0.30830269365823076,1435140000
2012-05-14,0.3009676933288574,0.30555211700914053,0.2940910578084327,0.3002800243117508,437472000
2012-05-15,0.29798758029937744,0.30761488438726925,0.2966122706620352,0.3009674588349011,599940000
2012-05-16,0.2920280694961548,0.30188458558402403,0.2911111683918648,0.2984462679249059,470484000
2012-05-17,0.2899649739265442,0.29592473364521354,0.2899649739265442,0.29317408582325516,335364000
2012-05-18,0.27689939737319946,0.29202803135273087,0.2755240868843811,0.2906526935385963,567288000
2012-05-21,0.2817131280899048,0.2830884662735743,0.275524160914039,0.27735793605049053,416260000
2012-05-22,0.27827462553977966,0.2819421733821502,0.2741486410484391,0.2814837367331803,410140000
2012-05-23,0.2851514220237732,0.2856098862629702,0.27116891853597425,0.2752949054114986,496000000
2012-05-24,0.27758699655532837,0.2872143041854286,0.2755240176776265,0.28675586747097365,520420000
2012-05-25,0.2842344343662262,0.2865266453429449,0.27735780143607,0.27735780143607,391752000
2012-05-29,0.2915695607662201,0.2934033353695104,0.28767280681255036,0.2888189125239424,310000000
2012-05-30,0.2881312668323517,0.2904234784397044,0.28308840676123925,0.2883604989232141,379792000
2012-05-31,0.28492218255996704,0.28927737369982603,0.2812546330445884,0.28813126789193494,358192000
2012-06-01,0.27460721135139465,0.2817130785074924,0.27414877447929903,0.2789624299495999,440984000
2012-06-04,0.2688765823841095,0.277586989023654,0.2665843715487193,0.2759824469039425,432856000
2012-06-05,0.2766702175140381,0.2773578864829773,0.26750137079569786,0.26750137079569786,365224000
2012-06-06,0.28400543332099915,0.28469310263836056,0.2766703576949197,0.2787333383216715,368968000
2012-06-07,0.27254417538642883,0.28973578679900575,0.27231494333514006,0.2881312170906107,526780000
2012-06-08,0.2778162658214569,0.2787331393732901,0.2730026113610502,0.2734610481369668,370308000
2012-06-11,0.28102535009384155,0.29179876459853504,0.2803377085938083,0.28675590542151785,839080000
2012-06-12,0.2867559790611267,0.2895066277435716,0.28377609826959477,0.28423453516244895,496128000
2012-06-13,0.27919164299964905,0.28721438335256333,0.2778163051518799,0.2865267144286788,494276000
2012-06-14,0.27575328946113586,0.2810253812733057,0.27300264117988254,0.2787331698180419,589884000
2012-06-15,0.2817131280899048,0.2819423602289575,0.27529492877498624,0.2778163730032725,385288000
2012-06-18,0.2842344343662262,0.2865266453429449,0.27735780143607,0.2796500124127887,304424000
2012-06-19,0.3034890592098236,0.3078442769808943,0.29454941893782394,0.29592475661822804,960476000
2012-06-20,0.30830276012420654,0.31403328911204503,0.30463521064186283,0.3064689853830347,972720000
2012-06-21,0.2943202257156372,0.30807349375616533,0.2936325568485479,0.30807349375616533,516376000
2012-06-22,0.29798758029937744,0.3014259227059811,0.2938615967367522,0.29798758029937744,865360000
2012-06-25,0.2885896563529968,0.29913383894744267,0.2874435507373098,0.29821696538501835,494616000
2012-06-26,0.29179880023002625,0.29386177963266186,0.2860682715279092,0.2901942576584967,437152000
2012-06-27,0.30119678378105164,0.3032597625367696,0.2920279407328693,0.2920279407328693,506064000
2012-06-28,0.3034890592098236,0.3053228336752579,0.29592475661822804,0.2984461999238644,545896000
2012-06-29,0.3167839050292969,0.3174715739022815,0.31036570775696537,0.3105949398230652,616508000
2012-07-02,0.30830276012420654,0.3186177123023159,0.3057813164394305,0.3183885075379929,581684000
2012-07-03,0.31632551550865173,0.3170131844844332,0.3080735424499117,0.30830277455027855,219284000
2012-07-05,0.3131163716316223,0.3156377876385962,0.3083027170246418,0.3142624772689687,280076000
2012-07-06,0.30715665221214294,0.31174107537085416,0.30371833484310956,0.31082417434392146,382760000
2012-07-09,0.3030306100845337,0.3066981588660494,0.3005091668815776,0.3053228212416529,306336000
2012-07-10,0.29386183619499207,0.30876124101364016,0.2915696242729418,0.2998215981224513,512028000
2012-07-11,0.2890482246875763,0.29844630505519393,0.28767288652269263,0.2947787548323863,485216000
2012-07-12,0.2842344343662262,0.28629741331514896,0.28171299136171146,0.28583897658486723,472160000
2012-07-13,0.2879020571708679,0.28927736771670093,0.28262996509854804,0.28446373981830936,324260000
2012-07-16,0.28881901502609253,0.2911112272623849,0.28331768926379564,0.28606836580760675,334460000
2012-07-17,0.28354671597480774,0.2913402483266213,0.2787330628361786,0.28973570638884677,447476000
2012-07-18,0.29936307668685913,0.3034890624467647,0.2814838232774775,0.2828591336472368,616008000
2012-07-19,0.3023430109024048,0.3062397653018736,0.2993631302468161,0.30142613715852457,403036000
2012-07-20,0.29363250732421875,0.3025721464379831,0.29042339559415853,0.3005091401846636,451000000
2012-07-23,0.297529399394989,0.2995924066115157,0.28263002124091713,0.28583910714397276,451584000
2012-07-24,0.2943202257156372,0.29982152200172263,0.2908819087055052,0.2979877474645893,351164000
2012-07-25,0.3000507354736328,0.30303061549616606,0.2920279962804425,0.2934033066040874,415044000
2012-07-26,0.30142608284950256,0.3089903855122419,0.2991338442521656,0.3055520412788933,338440000
2012-07-27,0.30899038910865784,0.30990726269801333,0.3002799533832102,0.3025721920072271,376516000
2012-07-30,0.30555209517478943,0.31288719439934237,0.30303067872600314,0.3089904400146227,363552000
2012-07-31,0.3103656768798828,0.3147208944252916,0.3050935858119207,0.30555202257319736,387788000
2012-08-01,0.3069274127483368,0.3151793851658416,0.30555207490364705,0.31219950471922503,335912000
2012-08-02,0.308073490858078,0.3126579134951278,0.30027995597990476,0.305322842740911,367912000
2012-08-03,0.3144916892051697,0.31770080145843765,0.3055520486339029,0.3128871467411929,326548000
2012-08-06,0.32113921642303467,0.32274375937652866,0.3170132293102482,0.31747166625048606,360324000
2012-08-07,0.32434824109077454,0.32778655848136407,0.3225144663507299,0.32503591003395593,407340000
2012-08-08,0.32618197798728943,0.3296202949789665,0.32320209779610637,0.32411899872240896,517064000
2012-08-09,0.33718469738960266,0.3378723664560559,0.32618207430231894,0.3266405112381803,822300000
2012-08-10,0.3351217210292816,0.34887499320125726,0.330766501779629,0.3461243442319267,1278744000
2012-08-13,0.33947688341140747,0.33970611552445446,0.3342047907392108,0.33558012876685184,447244000
2012-08-14,0.33443397283554077,0.3410814025412133,0.33305863501359023,0.34062293838368557,388828000
2012-08-15,0.3319125771522522,0.3383307757050529,0.3303080343453821,0.3355801269896584,594404000
2012-08-16,0.33878907561302185,0.33993518096567504,0.3337461902011023,0.3348922955537555,371008000
2012-08-17,0.3358093500137329,0.33878923076031814,0.33282946926714774,0.33878923076031814,309864000
2012-08-20,0.3358093500137329,0.3362677868996723,0.3307664622924413,0.3346632441362247,314392000
2012-08-21,0.3348924517631531,0.3390184384223177,0.33145413410140245,0.3369554587553953,340248000
2012-08-22,0.33558011054992676,0.33695544850290776,0.33168335611690597,0.33282946196928376,313556000
2012-08-23,0.3280157744884491,0.33512164101073155,0.3266404366695182,0.33489240893247096,379040000
2012-08-24,0.33466315269470215,0.33626769501973336,0.3273280552225959,0.3280157240262699,347724000
2012-08-27,0.32893261313438416,0.3353508373892663,0.32870340840583984,0.3344339364991488,340944000
2012-08-28,0.3275572955608368,0.33076638029216787,0.32572352114637065,0.32641118996745955,310764000
2012-08-29,0.3282449245452881,0.3303079034328736,0.3266403550490444,0.327328023786676,250412000
2012-08-30,0.3220560550689697,0.3287034856137866,0.32045151229102076,0.3275573797259202,307488000
2012-08-31,0.32159754633903503,0.32664040565408736,0.31838846149999633,0.3243481943903987,485064000
2012-09-04,0.30440598726272583,0.31747161558912157,0.3014261339640361,0.31632550975875834,694452000
2012-09-05,0.3053228259086609,0.30990724829297445,0.3021137138444537,0.3055520306326889,480256000
2012-09-06,0.31472086906433105,0.3229728394035963,0.3073857721737353,0.30761500419855764,657296000
2012-09-07,0.30715665221214294,0.309219631703436,0.2968416727797253,0.3066982153613353,781064000
2012-09-10,0.30440598726272583,0.3108241853778237,0.30371834562476263,0.30646899415257073,371108000
2012-09-11,0.308073490858078,0.312887145557106,0.3030306314223861,0.30417673708164855,382808000
2012-09-12,0.3115118443965912,0.31311641436813115,0.3076150901628174,0.31059497069169767,322608000
2012-09-13,0.3135748505592346,0.3154086252904717,0.3076150895140436,0.3142625194991132,433836000
2012-09-14,0.31724244356155396,0.32274376898414336,0.31334568846554706,0.31334568846554706,339468000
2012-09-17,0.3085319697856903,0.3179300484050432,0.3050936523384127,0.3179300484050432,493348000
2012-09-18,0.31059500575065613,0.31426255563484645,0.3048644761349342,0.3050936809243707,359952000
2012-09-19,0.31426241993904114,0.3186176096363282,0.3076149920599134,0.31128254036048797,451936000
2012-09-20,0.31197020411491394,0.31517931593922865,0.3094487883872139,0.3135747736897267,320596000
2012-09-21,0.31334564089775085,0.31517941576023567,0.3112826612557801,0.3124287671291682,340136000
2012-09-24,0.3131163716316223,0.3135748084214981,0.30784428023476595,0.3083027170246418,357832000
2012-09-25,0.30738577246665955,0.318617622512769,0.3069273357418879,0.31724228501314417,481544000
2012-09-26,0.302113801240921,0.30646902016109856,0.29844627866770496,0.3062397880454447,436812000
2012-09-27,0.30440598726272583,0.30486445145512586,0.3002800008083545,0.30280144456528096,558888000
2012-09-28,0.3057812750339508,0.31013649287016376,0.29913384591298803,0.3030306269573138,485508000
2012-10-01,0.3007383942604065,0.3089903652281024,0.2995922886996327,0.307156590865802,504236000
2012-10-02,0.30188459157943726,0.3028014653766166,0.2984462738520343,0.3028014653766166,295492000
2012-10-03,0.2989046573638916,0.30348908018161475,0.2973001148427516,0.3025722065481963,430872000
2012-10-04,0.31219950318336487,0.31403327785882434,0.2979877699425414,0.2995923398618913,502608000
2012-10-05,0.30486437678337097,0.31632543227979737,0.30371827123372835,0.31311634767092267,483068000
2012-10-08,0.30188459157943726,0.3050936771948852,0.29959237976116865,0.3037183664991162,240596000
2012-10-09,0.2954663336277008,0.30234296770014524,0.29454943268951933,0.3014260940872786,366360000
2012-10-10,0.29042357206344604,0.2954664610855506,0.28927746589029985,0.2940911227476445,326568000
2012-10-11,0.2920280694961548,0.29409104916149775,0.2897358577234094,0.2931741753825275,320516000
2012-10-12,0.2895067036151886,0.2922573530185018,0.2876729282378707,0.2899651406281863,260696000
2012-10-15,0.2931741178035736,0.29340332254064083,0.2865266885729651,0.28996500555680293,249580000
2012-10-16,0.3016553223133087,0.3025722233228758,0.2929449130116644,0.29569556138973185,367696000
2012-10-17,0.29936307668685913,0.3007384143819323,0.2950078588693367,0.297987738991786,391752000
2012-10-18,0.2947786748409271,0.2986754288169059,0.2936325691229736,0.2986754288169059,254772000
2012-10-19,0.27758699655532837,0.2924863947149336,0.27598245439208147,0.2904233885119224,709412000
2012-10-22,0.2743779420852661,0.28033770199761937,0.2720857309382552,0.2787331323344619,480840000
2012-10-23,0.28262993693351746,0.28446371147053695,0.2711688529084742,0.27185652177552083,573948000
2012-10-24,0.27896246314048767,0.28560989421539956,0.27621181425532365,0.2844637882361377,332916000
2012-10-25,0.27919164299964905,0.28423450289927465,0.278045537234947,0.281254622445986,307356000
2012-10-26,0.27621182799339294,0.2812546890878997,0.27621182799339294,0.27965014610219163,389376000
2012-10-31,0.27460721135139465,0.2796500989204027,0.2739195697059106,0.27735788723460586,347112000
2012-11-01,0.2876729369163513,0.28790216909242916,0.27575341026686206,0.2759826424429399,473220000
2012-11-02,0.28629744052886963,0.2911110949676603,0.28446369343343786,0.2906526581938023,256700000
2012-11-05,0.29844626784324646,0.2995923737293056,0.2856098709892565,0.2856098709892565,444840000
2012-11-06,0.29821696877479553,0.2991338423476418,0.29317410947351413,0.2991338423476418,350804000
2012-11-07,0.2890482246875763,0.2977586359727521,0.28767288652269263,0.2959248608613483,324620000
2012-11-08,0.29065266251564026,0.29982150743038616,0.28996499368197165,0.29225720491065815,839024000
2012-11-09,0.27942076325416565,0.29569547112121725,0.2785038898498142,0.29225715486693665,846280000
2012-11-12,0.2732319235801697,0.2810254330333708,0.27048124746697305,0.27987932709464586,643624000
2012-11-13,0.27116891741752625,0.27804558039858457,0.2709397126241943,0.2718565864481642,492120000
2012-11-14,0.26452142000198364,0.2755240386114062,0.2642921879646849,0.2727733907903784,619300000
2012-11-15,0.26566752791404724,0.27300259794416504,0.2638337535751899,0.26612596466743366,466688000
2012-11-16,0.2608537971973419,0.26658432324752973,0.2555817077661084,0.2656674500096211,624552000
2012-11-19,0.2681889533996582,0.26910585426483496,0.26245842546222564,0.26566753750237543,404092000
2012-11-20,0.26507455110549927,0.2683043399475548,0.2623061292390425,0.26715084000373385,336976000
2012-11-21,0.2726876139640808,0.2733796918218038,0.26484379906105054,0.26507451001469406,422312000
2012-11-23,0.2745331823825836,0.2777629702921387,0.27245686658221246,0.27384107711579325,276932000
2012-11-26,0.27937787771224976,0.28006998301239794,0.27453319561441525,0.2749945899806469,364600000
2012-11-27,0.2805313467979431,0.284683950644556,0.27591734863539513,0.27822434771666915,451404000
2012-11-28,0.2828384339809418,0.2842226448615153,0.27591743458128837,0.27937793428111507,398332000
2012-11-29,0.2777630388736725,0.28468403824721683,0.2768402499578426,0.2832998548734721,488688000
2012-11-30,0.27614808082580566,0.27960857971440367,0.27453318684478,0.27753226388028457,460504000
2012-12-03,0.27107274532318115,0.27960866725546574,0.2703806673300632,0.27960866725546574,391380000
2012-12-04,0.27914732694625854,0.2796087215317705,0.2699192977279461,0.2715342200296598,528068000
2012-12-05,0.2759174406528473,0.27868583497330573,0.27199554640706386,0.2768402570940718,633024000
2012-12-06,0.27637889981269836,0.2782245056255277,0.2743026104617741,0.2752253996173818,412896000
2012-12-07,0.2759174406528473,0.27799375701939677,0.27268765186258037,0.2766095461083638,338288000
2012-12-10,0.28514546155929565,0.28722177808242766,0.2752253559530683,0.27591746146077895,513644000
2012-12-11,0.29183581471443176,0.2955270262171899,0.28537620833541155,0.28606831392988036,816724000
2012-12-12,0.2888367474079132,0.294373565402022,0.2876832470968426,0.2927586704668465,399404000
2012-12-13,0.2890673875808716,0.29460417671554023,0.28629899301353723,0.2883752820636355,377556000
2012-12-14,0.2904515564441681,0.29345066186631147,0.2881445565043053,0.290220872951147,338660000
2012-12-17,0.28929808735847473,0.2913744040269752,0.28491479800543745,0.28975950939699363,445232000
2012-12-18,0.28975948691368103,0.29298927592303503,0.2883752759087525,0.2892980649109652,416436000
2012-12-19,0.29183581471443176,0.2952963151851626,0.29068231455752147,0.29183581471443176,458544000
2012-12-20,0.29160502552986145,0.29321991966410577,0.2883752097597697,0.2929892087156695,334332000
2012-12-21,0.2849147319793701,0.2876831260608789,0.28168491596627226,0.2876831260608789,462172000
2012-12-24,0.28260767459869385,0.2856067790333608,0.28168485842562735,0.2846839628602943,127376000
2012-12-26,0.2823772132396698,0.28652982093446633,0.2812237126300943,0.28191581849616437,196740000
2012-12-27,0.2805313467979431,0.28329976769675064,0.27730155908479887,0.28283834587921713,299804000
2012-12-28,0.27914732694625854,0.2835306167610443,0.2775324046445448,0.2779938267316713,220600000
2012-12-31,0.2828384339809418,0.283991933880884,0.2775323289408861,0.27822443438117284,326460000
2013-01-02,0.2934507131576538,0.2936814241926088,0.28860602893811976,0.28975952910966785,478836000
2013-01-03,0.29368138313293457,0.2969111721610663,0.29022088310210364,0.29345067213023535,298888000
2013-01-04,0.30337074398994446,0.3042935328112718,0.29321992944732334,0.2941427182686507,524968000
2013-01-07,0.29460427165031433,0.3040629859301415,0.292527981931142,0.3031401966108691,610732000
2013-01-08,0.2881445586681366,0.2962190860199009,0.28606826970731153,0.2952962695360607,466424000
2013-01-09,0.2816849946975708,0.29183581250240914,0.2798394164617937,0.29045160132396347,695020000
2013-01-10,0.2821463942527771,0.2856068944212523,0.2805314721728668,0.284222683353218,506368000
2013-01-11,0.2816849946975708,0.28353060043496076,0.2789165998422923,0.2832999169062951,513172000
2013-01-14,0.28145432472229004,0.2835306140883291,0.2782245076509231,0.2835306140883291,305684000
2013-01-15,0.27637889981269836,0.280070111438357,0.274764005039578,0.280070111438357,375888000
2013-01-16,0.2789164185523987,0.2812234173492315,0.27591731461619706,0.27591731461619706,337376000
2013-01-17,0.28260767459869385,0.28376117418882735,0.27914717582829346,0.27983928108269346,580736000
2013-01-18,0.2807621657848358,0.2826077712606322,0.277301665830821,0.2826077712606322,397088000
2013-01-22,0.27937787771224976,0.2830690876453058,0.2779936946135548,0.2805313773786296,308224000
2013-01-23,0.27983951568603516,0.28053159401903915,0.27684040873706817,0.2803009104085787,421808000
2013-01-24,0.2812235951423645,0.28237709527003835,0.27753238373316325,0.2789165948870168,396980000
2013-01-25,0.2862989902496338,0.28652967375207883,0.2803007791603072,0.2816849626798066,393920000
2013-01-28,0.2909129858016968,0.2927585913006544,0.28699106380330835,0.28768316930311866,422492000
2013-01-29,0.28468409180641174,0.2904515923694372,0.2835305916938067,0.28975951430316377,388872000
2013-01-30,0.2842226028442383,0.28883660176190923,0.28329981406134525,0.2849147081822095,287592000
2013-01-31,0.2828384339809418,0.2874524610823177,0.2809928561423198,0.2842226448615153,470544000
2013-02-01,0.28537610173225403,0.2862989180140291,0.28283839133437605,0.28514539078640955,288816000
2013-02-04,0.2805313467979431,0.2895286597158708,0.28030066339077475,0.28376116201268575,511744000
2013-02-05,0.28699108958244324,0.28860601172759826,0.2809929055490524,0.2819156946306166,367296000
2013-02-06,0.28468409180641174,0.28699109203162193,0.27845519669866664,0.28007009135599137,530688000
2013-02-07,0.283530592918396,0.28606830417773255,0.28076219813650927,0.2837613039425583,440000000
2013-02-08,0.28537610173225403,0.2876831011842875,0.28353049667030666,0.28537610173225403,307232000
2013-02-11,0.2886061370372772,0.29160524410695854,0.284914924105112,0.28768332005342406,408308000
2013-02-12,0.2867603898048401,0.2899901789088121,0.28560688976747717,0.2860682842821003,277804000
2013-02-13,0.28537610173225403,0.2922971000883546,0.28445331295208176,0.2869909958483569,856396000
2013-02-14,0.29368138313293457,0.2939120941356338,0.2779937774928459,0.28145427752367674,882096000
2013-02-15,0.29368138313293457,0.29506559414591077,0.2872217775750616,0.2929892776264465,733860000
2013-02-19,0.28975948691368103,0.29414277592660565,0.2879138814076461,0.2939120924268572,433552000
2013-02-20,0.28560692071914673,0.29529631658272804,0.2846841040882832,0.29068231593325,713012000
2013-02-21,0.283530592918396,0.2883753044129068,0.28283848734752126,0.2851454875826956,580408000
2013-02-22,0.2888367474079132,0.28906745847077403,0.2837613515395261,0.2853762464747015,370148000
2013-02-25,0.2837611734867096,0.2918356705976649,0.28329977915211774,0.28952867142310623,644444000
2013-02-26,0.2871267795562744,0.288751580456092,0.283412925210707,0.2843414026322564,487504000
2013-02-27,0.29246556758880615,0.2945546219830422,0.2864305584547832,0.2871269099195286,476980000
2013-02-28,0.29385825991630554,0.2982684395833671,0.2903765303885223,0.2915371068977834,591392000
2013-03-01,0.29501888155937195,0.2959473318406902,0.28921599812530563,0.2917692502340963,389396000
2013-03-04,0.29385825991630554,0.29664363800446686,0.2906086290881785,0.29292978210670073,353680000
2013-03-05,0.2971077859401703,0.29757201088928914,0.29409028226541833,0.2954829847830944,366168000
2013-03-06,0.296875923871994,0.3017503312274857,0.29548322024451557,0.29896495164287024,342928000
2013-03-07,0.2961794137954712,0.3015180712876507,0.2945546122118496,0.2985005668207382,314824000
2013-03-08,0.29757219552993774,0.29896489891177275,0.2954831681275219,0.29687587150935685,246464000
2013-03-11,0.29478681087493896,0.2959473877811263,0.29223353061319246,0.29455471209590317,299748000
2013-03-12,0.2957153022289276,0.29664375272727106,0.2915372196457076,0.2943225988110752,310856000
2013-03-13,0.2957153022289276,0.30082183531049106,0.29292989539322273,0.2957153022289276,485840000
2013-03-14,0.2959473133087158,0.29850059292795306,0.29409038519202774,0.2975721150344445,383304000
2013-03-15,0.29339399933815,0.2959472507473168,0.2922333952990264,0.2959472507473168,355776000
2013-03-18,0.29130497574806213,0.2940903537905209,0.2892159491337996,0.2915371021142362,298312000
2013-03-19,0.2894480526447296,0.2929297821733045,0.2873590259957153,0.29153710696407054,355480000
2013-03-20,0.29292985796928406,0.2938583360193449,0.28968025396990554,0.2922335063493219,340588000
2013-03-21,0.28828752040863037,0.291769250471908,0.28782329526759287,0.2913050253308705,339032000
2013-03-22,0.28968027234077454,0.29084084922420145,0.288055470238044,0.2892160471214709,232476000
2013-03-25,0.288055419921875,0.2915371499639834,0.2859663652944115,0.29130502355971055,362076000
2013-03-26,0.2901443839073181,0.29037651026121125,0.2875911046957924,0.2887516811246087,232540000
2013-03-27,0.29362615942955017,0.2952509611516771,0.28828750148227966,0.2889838529832852,254944000
2013-03-28,0.2978042960166931,0.2980364224502043,0.29084083505536923,0.2929298622756327,349276000
2013-04-01,0.288055419921875,0.2971079069632246,0.2859663652944115,0.2971079069632246,442828000
2013-04-02,0.2850378453731537,0.2889837995893409,0.2831809176036762,0.2882874482169963,371524000
2013-04-03,0.2815561294555664,0.2861984352629572,0.27946707524004544,0.2845736060941102,353156000
2013-04-04,0.2843415141105652,0.28526996422580564,0.2796992081937112,0.28062765830895164,294676000
2013-04-05,0.28921595215797424,0.28921595215797424,0.27946708740194076,0.28016343883741834,551352000
2013-04-08,0.28851962089538574,0.2894480710940542,0.28318096307722124,0.2894480710940542,326660000
2013-04-09,0.29316189885139465,0.2952509254313456,0.2866626650788544,0.28875169165880543,380584000
2013-04-10,0.2978042960166931,0.2982685212133812,0.2926977635124558,0.293394115142655,384688000
2013-04-11,0.2964114546775818,0.2982683822696472,0.28550204312088934,0.29362607712464434,969220000
2013-04-12,0.3038392961025238,0.3070889000375669,0.29525100574357677,0.29780428574277723,770548000
2013-04-15,0.29757219552993774,0.30383933307785854,0.2957152945812732,0.3029108549331897,430420000
2013-04-16,0.3008217513561249,0.3029107782295534,0.29873269681236675,0.30035752623651074,468844000
2013-04-17,0.296875923871994,0.30128610590844,0.2950189949254699,0.2985007263238246,532948000
2013-04-18,0.29107287526130676,0.29942903780195934,0.29107287526130676,0.29757210971844444,402548000
2013-04-19,0.29176920652389526,0.2926976843364483,0.28712690047211015,0.29084075638166895,303028000
2013-04-22,0.2922334372997284,0.29478671674618373,0.28921596044342496,0.29153711351462896,245568000
2013-04-23,0.29989320039749146,0.30291067649672626,0.29432241782208507,0.29478664278578887,376948000
2013-04-24,0.3101063668727875,0.3126596465562749,0.3005896273292396,0.30082175372604025,556556000
2013-04-25,0.3126595914363861,0.3133559428336958,0.3089457357642843,0.31173114135352314,353224000
2013-04-26,0.3112668991088867,0.3126596019503392,0.30964209757407607,0.312195376893297,324332000
2013-04-29,0.31498077511787415,0.31614135167011564,0.31033846890890826,0.3117311718397291,269712000
2013-04-30,0.31962308287620544,0.31962308287620544,0.31358807370716413,0.31567712811352205,276712000
2013-05-01,0.3168376386165619,0.3217120702115064,0.3156770623006534,0.3196230162406779,341316000
2013-05-02,0.32055166363716125,0.32148011411340116,0.3147487513144835,0.31660567993729993,323480000
2013-05-03,0.32194414734840393,0.32426529982503655,0.3207835711100876,0.32264049862545774,293864000
2013-05-06,0.3210158348083496,0.32380121343828,0.3191589064982853,0.3219442851282157,217116000
2013-05-07,0.3168376386165619,0.3217120702115064,0.3138201346611354,0.3210157188878969,448068000
2013-05-08,0.3226405680179596,0.3244974959327118,0.3161413341514897,0.31730191063941915,334032000
2013-05-09,0.32287266850471497,0.32426534357640857,0.3163734351591731,0.31683766018307097,566800000
2013-05-10,0.3374960124492645,0.33888871550421956,0.3296040745884029,0.3296040745884029,861136000
2013-05-13,0.33053261041641235,0.3365676211512975,0.32913990711748964,0.3351749178523748,289812000
2013-05-14,0.33540695905685425,0.33819233727652914,0.3312288778921779,0.33447848120341067,454140000
2013-05-15,0.34120985865592957,0.34237043527705874,0.3337821461444394,0.3337821461444394,313172000
2013-05-16,0.3395850658416748,0.3442273724481498,0.33842446151972605,0.3407456424932936,308368000
2013-05-17,0.3451557457447052,0.3474768985304139,0.3386565124106561,0.3412097915430652,312116000
2013-05-20,0.34445956349372864,0.34585226691705695,0.3426026348194034,0.3437632117820645,236380000
2013-05-21,0.3480754792690277,0.3494752564165722,0.3424764263006072,0.34644242447081164,357784000
2013-05-22,0.3359443247318268,0.34947540770932856,0.33454454697829905,0.34947540770932856,480404000
2013-05-23,0.341310054063797,0.34247652608967183,0.33104508354956635,0.33197825004591147,393884000
2013-05-24,0.3392103910446167,0.342243223903698,0.33547766940099555,0.33944369657642565,283304000
2013-05-28,0.3389771282672882,0.34270985038170987,0.33571101727533725,0.34177668375854975,279300000
2013-05-29,0.3368775546550751,0.33897719386897024,0.33547777663854766,0.3368775546550751,335052000
2013-05-30,0.341310054063797,0.34480947014142155,0.33547766612353597,0.33641086043076796,284504000
2013-05-31,0.33757731318473816,0.3443428394242213,0.33757731318473816,0.3394436738817669,577508000
2013-06-03,0.33711060881614685,0.34061002343641306,0.3301117517647392,0.3380437749238677,444468000
2013-06-04,0.33757731318473816,0.3452760336781783,0.3354776469714989,0.3392103683655563,363676000
2013-06-05,0.33034518361091614,0.3396769595026341,0.3294119893352128,0.3371107378189432,464520000
2013-06-06,0.33244481682777405,0.3350110662819446,0.3301118728915773,0.33034517840955113,341044000
2013-06-07,0.33711060881614685,0.3392102464639565,0.3333778887635128,0.33477763792509413,274584000
2013-06-10,0.3368775546550751,0.33897719386897024,0.33431130422840677,0.33617766564681134,224148000
2013-06-11,0.33057844638824463,0.3371106942299944,0.33057844638824463,0.3324447790765598,296336000
2013-06-12,0.32777899503707886,0.33501113382167413,0.32591263394967773,0.33221160609601796,312588000
2013-06-13,0.33524447679519653,0.33687753249981417,0.3263792814989797,0.32661255927912847,236256000
2013-06-14,0.3347777724266052,0.3368774387288595,0.33244482840913586,0.3364108554875429,236012000
2013-06-17,0.33804386854171753,0.3410767009480357,0.3354776193184753,0.3373439798616621,255336000
2013-06-18,0.3359443247318268,0.34340974119189616,0.3331447692247714,0.33967701905641606,486772000
2013-06-19,0.34620919823646545,0.3611400559205253,0.3378105890510015,0.33897706100393343,1159588000
2013-06-20,0.3368775546550751,0.3438763891159203,0.33454460983479334,0.3434098057140431,628696000
2013-06-21,0.3364108204841614,0.33991023614625293,0.33081173873828473,0.3387437642588891,714228000
2013-06-24,0.32941195368766785,0.3357109239816387,0.324512788561214,0.3315116197226191,580772000
2013-06-25,0.3317449688911438,0.3336113018645031,0.32824552503887877,0.33291144090493663,457360000
2013-06-26,0.32987847924232483,0.335944142468896,0.3284787022482313,0.3354775315969477,579752000
2013-06-27,0.32684585452079773,0.331278438123104,0.3233464376313265,0.33081185476668645,808036000
2013-06-28,0.3275456130504608,0.3308117230558937,0.3226464202314293,0.3268457243890446,431536000
2013-07-01,0.32894548773765564,0.33057857117269956,0.3268458487653032,0.32987868224495115,199524000
2013-07-02,0.32871213555336,0.3336113013167135,0.3256793027603012,0.32707905248802227,256392000
2013-07-03,0.3296452760696411,0.333611275035413,0.3259125548013357,0.3259125548013357,140388000
2013-07-05,0.33221161365509033,0.3329115025551523,0.3284788913953545,0.3305785580955403,184684000
2013-07-08,0.33057844638824463,0.3347777227478359,0.32871208588904727,0.3331446677401191,262084000
2013-07-09,0.33221161365509033,0.3343112525443845,0.3303452525252224,0.33127841918471057,157364000
2013-07-10,0.33664414286613464,0.33757733718644156,0.33127836590975307,0.33221156023006004,208468000
2013-07-11,0.341310054063797,0.34177663731196956,0.3378106101752857,0.33851049895298796,239832000
2013-07-12,0.3415433466434479,0.34480948514454357,0.33944370802986984,0.3406101801064994,216360000
2013-07-15,0.34084343910217285,0.34224321664155033,0.3354776622824079,0.34224321664155033,201332000
2013-07-16,0.34270980954170227,0.3445761703765028,0.34061017098435625,0.34224322628572396,162560000
2013-07-17,0.34084343910217285,0.3438762718968997,0.3399102726165122,0.3427097998843806,166100000
2013-07-18,0.33944374322891235,0.3415433820602151,0.33501113219154194,0.3403769098626267,344488000
2013-07-19,0.33221161365509033,0.3389771414636084,0.3287121969656724,0.3373440859040584,480532000
2013-07-22,0.3319782614707947,0.33781062180088695,0.3305785116781052,0.3347777888670614,292384000
2013-07-23,0.33151155710220337,0.3361774436617839,0.3298785023685257,0.3361774436617839,246792000
2013-07-24,0.33151155710220337,0.3354775551156713,0.3310449740084208,0.33454438892810623,284252000
2013-07-25,0.3326781988143921,0.33711080999856696,0.3289454765341282,0.3312784210065702,243320000
2013-07-26,0.33127838373184204,0.33337805020732497,0.32871216178743673,0.32871216178743673,227360000
2013-07-29,0.33057844638824463,0.3347777227478359,0.3296452522332048,0.33057844638824463,179540000
2013-07-30,0.3361775279045105,0.34061013793340633,0.33151164017570517,0.33174494568649926,266076000
2013-07-31,0.3368775546550751,0.3401436662791111,0.33431130422840677,0.33454460983479334,270160000
2013-08-01,0.3415433466434479,0.34224323545160323,0.33407793091519605,0.33804393041355907,277648000
2013-08-02,0.3443428575992584,0.3450427463739462,0.3385104974950045,0.3408434415367061,209628000
2013-08-05,0.3459759056568146,0.3471423775595929,0.34154329573972686,0.34340965634634885,185188000
2013-08-06,0.34084343910217285,0.3469091046916265,0.3401435503324841,0.34620921592193776,206608000
2013-08-07,0.3406100571155548,0.3441094720818393,0.3387436969046942,0.338976974549253,244380000
2013-08-08,0.342943012714386,0.3445760675283237,0.3385104035784076,0.3424764295976722,345696000
2013-08-09,0.33804386854171753,0.34317633917731905,0.3291786768197424,0.32941195450583893,906224000
2013-08-12,0.33524447679519653,0.3401436439090494,0.30584933505760836,0.3242796146122764,257568000
2013-08-13,0.3364108204841614,0.3378105700624679,0.3336112657057813,0.33571093178956635,197468000
2013-08-14,0.35064175724983215,0.3527413953348036,0.33547759626050105,0.335710901741445,828508000
2013-08-15,0.3529748320579529,0.3557743598157884,0.3455093876225362,0.34690916540689964,723616000
2013-08-16,0.354374498128891,0.35927366320796195,0.3515749434426989,0.3522748321142469,660456000
2013-08-19,0.3487754166126251,0.3534413040090403,0.3485421111184513,0.3522748321599365,393432000
2013-08-20,0.35053399205207825,0.3528786987854479,0.3481892853187085,0.34865822107516065,234192000
2013-08-21,0.3488926887512207,0.3528786844457511,0.3474858535879239,0.3484237250627165,261540000
2013-08-22,0.35076844692230225,0.3540510249160574,0.34865819425393946,0.34865819425393946,129016000
2013-08-23,0.35076844692230225,0.3540510249160574,0.35006502936618134,0.35123738264268056,245120000
2013-08-26,0.35147184133529663,0.3524097407399902,0.3500650341549172,0.3510029056085035,300152000
2013-08-27,0.347016841173172,0.3505339003531715,0.3458444881131722,0.34818919423317185,277464000
2013-08-28,0.347016841173172,0.3502994185607309,0.3456100063207315,0.34772025859939226,318824000
2013-08-29,0.3463135063648224,0.349596112486594,0.34490667117676194,0.3458445706191717,276216000
2013-08-30,0.3458445072174072,0.3474857960018504,0.34420321843296403,0.34654792468248385,378120000
2013-09-03,0.3460790812969208,0.3510029773118774,0.3439688561197182,0.3467824990063593,284680000
2013-09-04,0.3493616580963135,0.35147188309314903,0.3456101159340385,0.34607905171654524,222080000
2013-09-05,0.3502994179725647,0.35170625282264306,0.3477202580155566,0.3479547118565019,174904000
2013-09-06,0.3488926887512207,0.35240974870835484,0.3463135002688792,0.3505339778076617,226756000
2013-09-09,0.35475456714630127,0.35475456714630127,0.35076857019559565,0.3517064419659558,246408000
2013-09-10,0.36225754022598267,0.3624920220891534,0.3556923555194147,0.3573336726593893,292132000
2013-09-11,0.3683536946773529,0.3692915939383614,0.35920932362581054,0.3617885116547052,396164000
2013-09-12,0.36811932921409607,0.3728087427917989,0.36647801210101233,0.36647801210101233,303808000
2013-09-13,0.3704639971256256,0.3721052861153591,0.36671245547671466,0.3692916438542293,159696000
2013-09-16,0.3706984221935272,0.3760912524129677,0.36929161514787184,0.3735120921870472,231412000
2013-09-17,0.37187084555625916,0.374918969990436,0.3704640382450997,0.3721053274170073,168608000
2013-09-18,0.37515339255332947,0.3760912639458597,0.3702294978647822,0.3721052686009481,268168000
2013-09-19,0.3735121190547943,0.37749811456419835,0.37187080212347506,0.3767946970152196,227572000
2013-09-20,0.3702295124530792,0.37679469631279755,0.3695260949054118,0.3744499897879772,356036000
2013-09-23,0.36671242117881775,0.3730431226620384,0.36460216871700807,0.36999499885127163,271244000
2013-09-24,0.36811932921409607,0.36952613651674104,0.3648367229390383,0.36694697581967034,229732000
2013-09-25,0.36858829855918884,0.37140194137190496,0.36577462779536046,0.36741594505796443,233156000
2013-09-26,0.3674159049987793,0.37022954750472525,0.36530565215598787,0.36952612989046146,148816000
2013-09-27,0.3653055727481842,0.3676502789853134,0.36319534831520917,0.3646021552868248,151920000
2013-09-30,0.3648366928100586,0.3674158812452442,0.35944386205082973,0.36155411475719273,226640000
2013-10-01,0.3646022379398346,0.36694697265960335,0.362492013028485,0.36530565556065425,226976000
2013-10-02,0.3643677830696106,0.36577459035641846,0.3608507229259269,0.3608507229259269,162036000
2013-10-03,0.36061617732048035,0.3678847781796134,0.35897488846712583,0.3646021725217998,436768000
2013-10-04,0.365540087223053,0.36858821119397234,0.35920935745610283,0.36014725680544263,246228000
2013-10-07,0.365540087223053,0.3681192754948553,0.36225748142702224,0.36413325217459613,169952000
2013-10-08,0.3624918758869171,0.36976047530027517,0.35967823441923297,0.3646020999999055,290712000
2013-10-09,0.35686472058296204,0.36507122269740744,0.35498897742080304,0.364836740826582,275860000
2013-10-10,0.3608506917953491,0.36178856323897757,0.3568646682821609,0.3594438566787995,223484000
2013-10-11,0.3578025996685028,0.3596783706745818,0.35405105765634476,0.3552234110412555,213704000
2013-10-14,0.36319541931152344,0.36319541931152344,0.3568646888728806,0.3568646888728806,166628000
2013-10-15,0.3613196015357971,0.3653055968112579,0.3610851197161974,0.3631953722392801,208820000
2013-10-16,0.36577463150024414,0.36718146689640796,0.362960988659029,0.3634299244740461,210072000
2013-10-17,0.3664780259132385,0.36741592543479346,0.3629609655974066,0.3629609655974066,213324000
2013-10-18,0.3706984221935272,0.3718707753737923,0.3643677206103165,0.3657745276559719,255068000
2013-10-21,0.37163639068603516,0.3753879047905401,0.3704640372875443,0.3751534508815078,195008000
2013-10-22,0.3697606325149536,0.37187085752516663,0.36647802611437574,0.3716364036079823,179452000
2013-10-23,0.36342987418174744,0.3690571870365692,0.3622575208308815,0.3690571870365692,252216000
2013-10-24,0.3608506917953491,0.36671245819579423,0.3601472742370743,0.3643677516356162,236436000
2013-10-25,0.3573336601257324,0.3629609451333479,0.3561613067532201,0.36272649122951095,330492000
2013-10-28,0.35663020610809326,0.3585059769028609,0.35170631126571655,0.35686465998799777,394024000
2013-10-29,0.35709914565086365,0.3578025632003378,0.3528786683051252,0.35616127421896915,387952000
2013-10-30,0.35686472058296204,0.359912845148137,0.3538165960177871,0.3582715559056924,204032000
2013-10-31,0.3561612367630005,0.3599127500471543,0.35545781928750175,0.3573335899051305,293368000
2013-11-01,0.3578025996685028,0.3594438888171559,0.3552234110412555,0.35803705357481924,206136000
2013-11-04,0.34748584032058716,0.3589749191792262,0.3467824227657959,0.3589749191792262,410264000
2013-11-05,0.347016841173172,0.34865812986695144,0.34162401150695243,0.3453755524793926,422368000
2013-11-06,0.3493616580963135,0.3495961399631221,0.34349989093720296,0.34701695123266924,198044000
2013-11-07,0.34115520119667053,0.34912719375274337,0.3404517835120495,0.3481893221406567,553076000
2013-11-08,0.3648366928100586,0.36600904610766893,0.3502994895588049,0.35170632469638025,734532000
2013-11-11,0.3678847849369049,0.36882265631287586,0.36272643646685465,0.3634298260232804,297624000
2013-11-12,0.36858829855918884,0.3716364232525947,0.36436782036455856,0.36952617017972345,316032000
2013-11-13,0.37867045402526855,0.37867045402526855,0.366946921806665,0.3676503113788967,332792000
2013-11-14,0.3803117573261261,0.38265646385850566,0.3772636332438114,0.377498115077492,307980000
2013-11-15,0.37913942337036133,0.3821875476079239,0.3753878815470369,0.38171861186778533,450332000
2013-11-18,0.3699951469898224,0.37421562565213157,0.36905727526536053,0.3709330466653996,316948000
2013-11-19,0.3639836609363556,0.37152735079451354,0.36351218558943615,0.3682269952635952,206716000
2013-11-20,0.3585616648197174,0.3651624047319759,0.35785443766796016,0.3642194258288044,204776000
2013-11-21,0.36139053106307983,0.3620977581869285,0.3573829481645832,0.3590331260519072,213568000
2013-11-22,0.3578543961048126,0.361861978695994,0.3571471690351965,0.361861978695994,158668000
2013-11-25,0.3656338155269623,0.36610529084399834,0.35785437443718526,0.35785437443718526,248208000
2013-11-26,0.3686985969543457,0.3727061809301837,0.36728414232640666,0.3696415479713104,753176000
2013-11-27,0.37011292576789856,0.3712916281896681,0.36610531505189625,0.3684627198954353,181272000
2013-11-29,0.36775562167167664,0.37105600647046993,0.36539821600217814,0.37011305544366746,116964000
2013-12-02,0.3712916374206543,0.37388476595152764,0.36563384879400823,0.3663410758851494,373872000
2013-12-03,0.37105581164360046,0.37624209577288414,0.36869840721188263,0.37129156332776325,290560000
2013-12-04,0.3762422204017639,0.3769494475860412,0.36917000476396455,0.37011298371049656,493176000
2013-12-05,0.37011292576789856,0.37694938857316873,0.3696414223172048,0.37694938857316873,271812000
2013-12-06,0.36469098925590515,0.3745920866999509,0.3637480101977878,0.3745920866999509,281000000
2013-12-09,0.3585616648197174,0.36586963188373317,0.35785443766796016,0.36469092933163294,385220000
2013-12-10,0.3668126165866852,0.3684627946916444,0.35809022251548245,0.358561697959401,524268000
2013-12-11,0.36327657103538513,0.36799138248982344,0.3625693436967208,0.3675199069648782,414156000
2013-12-12,0.3562043309211731,0.3639837749406517,0.3554971036280403,0.36209784485979457,258724000
2013-12-13,0.35408255457878113,0.3595045915763071,0.353611079209971,0.3569114629966094,184588000
2013-12-16,0.35455402731895447,0.35761865934722503,0.3540825519536398,0.35431830368753886,237620000
2013-12-17,0.3562043309211731,0.35714728191035605,0.3512537679717346,0.354318400840316,274104000
2013-12-18,0.36115482449531555,0.36186205170762636,0.35243243048344997,0.3569115174264265,426232000
2013-12-19,0.36256924271583557,0.363040718109468,0.3583259079681739,0.3606833130388209,258544000
2013-12-20,0.3698771297931671,0.3701128814903104,0.3623334127143312,0.3632763914004253,382080000
2013-12-23,0.3719988763332367,0.37506350865543087,0.3689342721135287,0.3719988763332367,168568000
2013-12-24,0.372941792011261,0.3741204943889459,0.3691699331616768,0.3741204943889459,79600000
2013-12-26,0.36940574645996094,0.37553501108669346,0.36846276753912494,0.37435630851251306,168920000
2013-12-27,0.37152737379074097,0.37223460090613614,0.36916996880774644,0.37129165015393195,210976000
2013-12-30,0.376477986574173,0.3767137383454514,0.3712917005284394,0.3717631759685083,248180000
2013-12-31,0.3776565492153168,0.3795424783789014,0.3748276695211785,0.37718507395004,235776000
2014-01-02,0.37388476729393005,0.3767136756686516,0.3705844116600659,0.37529922148129086,260092000
2014-01-03,0.36940574645996094,0.37529925933086294,0.36822704388578054,0.3745920321658575,259332000
2014-01-06,0.374356210231781,0.3771850900466434,0.36964137307037204,0.3731774798645697,409492000
2014-01-07,0.380485475063324,0.38189992913320875,0.375534942023689,0.37812807034850326,333288000
2014-01-08,0.38567185401916504,0.38755778373475197,0.3804855402756796,0.38189999458799123,308192000
2014-01-09,0.3712916374206543,0.3804855052980398,0.3701129349695801,0.37977827820689863,292172000
2014-01-10,0.3708202540874481,0.37506358990646327,0.36751989739626534,0.37247046053553173,218492000
2014-01-13,0.36209774017333984,0.3731775375541582,0.3613905130846742,0.3708201326602614,243332000
2014-01-14,0.3734132945537567,0.374120521652402,0.3623334689141084,0.3639836748451086,241828000
2014-01-15,0.37742093205451965,0.3788353864569775,0.37341334871753906,0.3750635267854149,175044000
2014-01-16,0.37859976291656494,0.37930699035732385,0.3757708812560262,0.37742105988279906,220652000
2014-01-17,0.3769494593143463,0.3830787242988048,0.37459205402839885,0.378599637394012,340400000
2014-01-21,0.37836378812789917,0.38072119263129905,0.37435620609261505,0.3774208094650522,246076000
2014-01-22,0.3778923451900482,0.3795425228631647,0.3734132593887539,0.37907104754262866,337940000
2014-01-23,0.376477986574173,0.3807213217397688,0.37364910583127176,0.3767137383454514,185028000
2014-01-24,0.3668126165866852,0.37482781154325406,0.3668126165866852,0.37341335710901014,246696000
2014-01-27,0.36445513367652893,0.3719988234807311,0.3623334524768432,0.3668125384967472,233812000
2014-01-28,0.3679913580417633,0.3682271098398199,0.3623335678108253,0.3637480223941826,167996000
2014-01-29,0.36445513367652893,0.3686984679734183,0.3642193819535142,0.3665767867737325,162944000
2014-01-30,0.3705843687057495,0.37129159571745546,0.36539805602155934,0.36657675834024256,202896000
2014-01-31,0.37011292576789856,0.37223457888609074,0.36516236435547367,0.36539808797833806,335348000
2014-02-03,0.3651624619960785,0.37317762936628973,0.3637480074707518,0.3727061538920108,431728000
2014-02-04,0.3672839403152466,0.3679911672402317,0.3630406068678125,0.36492653596694724,280692000
2014-02-05,0.3639836609363556,0.3658695904265157,0.36115475264987423,0.3646908880079759,214676000
2014-02-06,0.3686985969543457,0.3696415479713104,0.3639837856645382,0.3644552611730206,168380000
2014-02-07,0.37412047386169434,0.3745919491664031,0.36634103297532034,0.3696413882107615,157248000
2014-02-10,0.37529921531677246,0.38024977678873595,0.3734132857987634,0.37364903752694556,324372000
2014-02-11,0.3830787241458893,0.3840216750188968,0.3755350328543662,0.3774209346003812,235384000
2014-02-12,0.3967515528202057,0.3995804607343989,0.38425730320744805,0.38425730320744805,744528000
2014-02-13,0.4092458486557007,0.4116032815512842,0.39958050586547306,0.406652720244778,902836000
2014-02-14,0.4222116470336914,0.4231545978080139,0.4052383082760087,0.4054740600208317,817536000
2014-02-18,0.42197588086128235,0.42386181044793114,0.41843977342474736,0.42244738433480744,428988000
2014-02-19,0.42763370275497437,0.4314055622205216,0.4200899838238799,0.42197591355665354,450340000
2014-02-20,0.44272106885910034,0.4436640195812622,0.4278694123189096,0.4285766113092894,398088000
2014-02-21,0.4394206404685974,0.4476715849101515,0.43659176048712534,0.442013796844727,451052000
2014-02-24,0.4457857012748718,0.44908605690799425,0.43447015208597844,0.4384777348126223,403112000
2014-02-25,0.44377297163009644,0.44708825848914274,0.43903687174235767,0.44519381288817084,242184000
2014-02-26,0.4430624544620514,0.44945618186411973,0.44164161360409215,0.4428256382426002,360884000
2014-02-27,0.4380895793437958,0.4475617773092692,0.4369055545981116,0.44306249456742,388848000
2014-02-28,0.4352479577064514,0.43998405703855037,0.4288542010246148,0.4357215619937856,321692000
2014-03-03,0.4331166446208954,0.4331166446208954,0.42175000192818773,0.42553889223554875,375948000
2014-03-04,0.43761587142944336,0.4404575245000825,0.4345374021740135,0.4352478224990158,260344000
2014-03-05,0.4414048194885254,0.4416416357198355,0.4352479079975935,0.4371423249305722,241472000
2014-03-06,0.4352479577064514,0.4444833401122929,0.4345375371607608,0.4421152904462434,290144000
2014-03-07,0.4347743093967438,0.43785277949665974,0.43145905127645134,0.43714235897677484,268452000
2014-03-10,0.4283805191516876,0.43524787887708527,0.4264860741160823,0.4333534338414799,300888000
2014-03-11,0.43264299631118774,0.4364318862325282,0.4290909225959458,0.43051173514441904,297220000
2014-03-12,0.4338270425796509,0.4364319080595195,0.4288541278378558,0.43051175667532954,239428000
2014-03-13,0.4200924336910248,0.4364319937438744,0.4179611719992377,0.43477433635158025,385172000
2014-03-14,0.42198672890663147,0.4257756186660909,0.41582981833422394,0.41582981833422394,460048000
2014-03-17,0.42198672890663147,0.42624922282868055,0.42151312474404184,0.42317075342779115,299656000
2014-03-18,0.4319325387477875,0.43477419182953836,0.42174992266125755,0.4236443674588815,293904000
2014-03-19,0.43951037526130676,0.4477985763929132,0.4340638559939657,0.43524790892365994,366168000
2014-03-20,0.4397471845149994,0.44353607478764545,0.43524790201693536,0.4371423189238833,191800000
2014-03-21,0.4390368163585663,0.4470882020896819,0.4366687667134226,0.4435361276219664,566116000
2014-03-24,0.43690553307533264,0.4428256565121172,0.430511777180105,0.43927358245004644,306096000
2014-03-25,0.43690553307533264,0.442115236053828,0.43359024701310805,0.4416416318247603,304424000
2014-03-26,0.42695969343185425,0.4492193739867974,0.4231708032265183,0.4409312013633278,557756000
2014-03-27,0.42127639055252075,0.4295645632586071,0.41654026363395363,0.426012489241713,540728000
2014-03-28,0.42388126254081726,0.42648612832453736,0.41938197971007585,0.42056600447915277,398820000
2014-03-31,0.42411792278289795,0.4283804160295755,0.4217498741157845,0.42459152687044727,273404000
2014-04-01,0.44164159893989563,0.4468513015304738,0.43240619012855985,0.4376159209485112,656272000
2014-04-02,0.4387998878955841,0.44258874917757746,0.43690544313990265,0.4416415409144215,239948000
2014-04-03,0.44353604316711426,0.454192264541182,0.43951033695341235,0.43974715316458535,599548000
2014-04-04,0.429801344871521,0.4485089501248711,0.42790689990253494,0.44590408476384363,368032000
2014-04-07,0.43122217059135437,0.43951034288300356,0.4276700967520762,0.4300381459782616,428576000
2014-04-08,0.44661450386047363,0.4477985284339841,0.43051173578548463,0.43122215617546544,470692000
2014-04-09,0.4461408853530884,0.4525346408328262,0.4425888115218444,0.4487457507877499,421968000
2014-04-10,0.4352479577064514,0.45040346427741657,0.43382711661507023,0.4442465520833152,372748000
2014-04-11,0.4290910065174103,0.43856320494395806,0.42340767052385475,0.431932660399499,353112000
2014-04-14,0.4338270425796509,0.43548467141712455,0.42909094405579806,0.43193259752423496,290184000
2014-04-15,0.43690553307533264,0.43927358245004644,0.4300381729510373,0.4343006674713973,304636000
2014-04-16,0.4378527104854584,0.439510339284341,0.4324061916639526,0.4390367350888565,235136000
2014-04-17,0.43951037526130676,0.44353608182589077,0.43524790892365994,0.43619511739216466,153532000
2014-04-21,0.4430624544620514,0.44424647910055937,0.4369055150500602,0.43974716853660456,117004000
2014-04-22,0.4468511939048767,0.44969287484201215,0.4414046764145223,0.4437727250425576,255120000
2014-04-23,0.45206108689308167,0.453245111635132,0.44685135544455906,0.44756177593566454,261580000
2014-04-24,0.45608675479888916,0.46082285365731596,0.45513954631895415,0.45513954631895415,391492000
2014-04-25,0.44353604316711426,0.4594019953520025,0.44258880655179544,0.4551395011565008,313600000
2014-04-28,0.44164159893989563,0.44945616694044954,0.43619508013772934,0.44708811774206186,226788000
2014-04-29,0.44258883595466614,0.44424649308425523,0.4376159492540238,0.4432992564060079,171300000
2014-04-30,0.4373790919780731,0.44235200644137085,0.4364318836180985,0.44187840226138353,305740000
2014-05-01,0.4397471845149994,0.4449568874678564,0.4361951104704093,0.44400967901438243,198104000
2014-05-02,0.43643197417259216,0.4418784939459659,0.4338271082981244,0.4418784939459659,156376000
2014-05-05,0.44116801023483276,0.44448326793721993,0.4354846750215452,0.43595827923197567,239260000
2014-05-06,0.43216943740844727,0.44921938738212436,0.43098541271264507,0.4454305252931825,416188000
2014-05-07,0.43264299631118774,0.43619507002642977,0.42790689802419846,0.43216939212836336,293900000
2014-05-08,0.4380895793437958,0.44495691157701334,0.4288541693898332,0.4309854308696907,432728000
2014-05-09,0.4274332821369171,0.4288541229696938,0.41938192602951235,0.42482844491599137,539532000
2014-05-12,0.4399840831756592,0.4409312918065961,0.4281438059126653,0.42838062218508977,299856000
2014-05-13,0.4328797459602356,0.44116794545799254,0.4314589335375627,0.434063770427148,221104000
2014-05-14,0.42861732840538025,0.43477426801925584,0.42838054040753887,0.43311663911686626,214320000
2014-05-15,0.426249235868454,0.4300381257438228,0.4219867418160071,0.4276700766290603,325896000
2014-05-16,0.42530202865600586,0.42838049815933554,0.4229339795348865,0.4229339795348865,283960000
2014-05-19,0.4390368163585663,0.44140486600371,0.4279069886722667,0.4298014340342573,360076000
2014-05-20,0.4339219629764557,0.4403451381275449,0.4317809140458896,0.43915566019736574,256200000
2014-05-21,0.4339219629764557,0.43939356712715794,0.43130510018630525,0.43558722640682834,216712000
2014-05-22,0.4358251690864563,0.43820412514195545,0.43297042749173603,0.43297042749173603,130364000
2014-05-23,0.43986937403678894,0.44201045143095696,0.43558724760784506,0.4382041105253642,182656000
2014-05-27,0.447719931602478,0.447719931602478,0.4410588492394533,0.44248623415988436,209680000
2014-05-28,0.4515262544155121,0.4543809957827452,0.44510307924938985,0.449385205479935,224676000
2014-05-29,0.4508126676082611,0.4550947948420991,0.449861096382696,0.4512884532210436,171884000
2014-05-30,0.45200201869010925,0.4531914965672126,0.44843358505879927,0.4508125408130059,239128000
2014-06-02,0.45057472586631775,0.4562842091387349,0.44676838477844394,0.45342946750252633,181500000
2014-06-03,0.4486715495586395,0.4520020766981992,0.44272413105046604,0.45152629115817544,243212000
2014-06-04,0.44914740324020386,0.4524779308850481,0.4472442324319796,0.4474821394177817,161236000
2014-06-05,0.4510505199432373,0.4524778766086406,0.4472441787833736,0.44986104187570414,188696000
2014-06-06,0.45271581411361694,0.45676003414424093,0.4515263359658219,0.45319159970085576,161052000
2014-06-09,0.4531915783882141,0.4574737051907761,0.44914735854778126,0.45224000725848684,247456000
2014-06-10,0.4555704593658447,0.45771153659337166,0.44962306988836437,0.4515262401930361,217608000
2014-06-11,0.46151798963546753,0.4627074678207384,0.45390530656221606,0.45390530656221606,266228000
2014-06-12,0.4643727242946625,0.4665137736506712,0.45747373391310775,0.46151798236685204,337148000
2014-06-13,0.46484848856925964,0.4693685224104296,0.4603284547280897,0.46913061544427503,227852000
2014-06-16,0.4634210765361786,0.4665137251193274,0.45937685686255025,0.4627074123980157,198620000
2014-06-17,0.46651360392570496,0.468416773971641,0.46151781445943235,0.46389676992700585,157608000
2014-06-18,0.46603792905807495,0.46817900650243144,0.4610421100473028,0.4653242365766228,215536000
2014-06-19,0.4553326964378357,0.45985270224485714,0.4520021404689908,0.45747374584970957,474592000
2014-06-20,0.4503367841243744,0.45818734428702584,0.44676835026493206,0.4565220808244977,353148000
2014-06-23,0.44510307908058167,0.44534095765144954,0.43915566105863113,0.44438938664919636,414200000
2014-06-24,0.4382041096687317,0.4479578404956258,0.43630093921965574,0.4443894065383805,275780000
2014-06-25,0.44272416830062866,0.4429620752703543,0.43534942091127665,0.4393936408808433,215420000
2014-06-26,0.4367767572402954,0.442962054570159,0.4353494005668306,0.4427241476115511,256908000
2014-06-27,0.43725264072418213,0.4398694758882352,0.4336841775742938,0.43630104109774565,302820000
2014-06-30,0.4410589337348938,0.44224841194332876,0.4355873283042134,0.4355873283042134,180512000
2014-07-01,0.44605469703674316,0.4486715601074896,0.4391557072863179,0.44058309229934217,321180000
2014-07-02,0.44438931345939636,0.4462924835098463,0.44177245109510443,0.44438931345939636,179284000
2014-07-03,0.44843366742134094,0.44962314551691235,0.4403451993558185,0.4403451993558185,136892000
2014-07-07,0.4448651671409607,0.44938520024924317,0.44415147471761185,0.44914729332166337,127496000
2014-07-08,0.44129669666290283,0.4455788224872858,0.4370145708385198,0.44367565230318357,221940000
2014-07-09,0.454618901014328,0.4565220713718355,0.4417725223706954,0.4451030775861813,387668000
2014-07-10,0.452239990234375,0.4541431607815813,0.4424862589045637,0.4460546930458029,266308000
2014-07-11,0.4531915783882141,0.4546189634421997,0.45105052916663047,0.4527157928233505,191188000
2014-07-14,0.45890098810195923,0.46009046592906006,0.45342938442541775,0.4550946477114812,272636000
2014-07-15,0.46080413460731506,0.46199361237326503,0.456522008978018,0.45961465684136515,395440000
2014-07-16,0.46032842993736267,0.4662758485363746,0.45771159524756677,0.46270741439260366,319728000
2014-07-17,0.45913898944854736,0.4638969303888512,0.4550947694266549,0.4550947694266549,324832000
2014-07-18,0.43867990374565125,0.45319154679852414,0.43796621126840635,0.44962311277169237,567816000
2014-07-21,0.44129669666290283,0.4443893446671454,0.4370145708385198,0.4370145708385198,243364000
2014-07-22,0.4393935799598694,0.44700623326346905,0.4384420089316913,0.44462727733363216,298816000
2014-07-23,0.430115669965744,0.43986940141888015,0.4296398844127751,0.43963152282209267,297352000
2014-07-24,0.43082940578460693,0.4336841477487913,0.42773675684032514,0.4324946695670981,254576000
2014-07-25,0.42321670055389404,0.4303535687917819,0.42250300805822655,0.4294019693444274,266132000
2014-07-28,0.42155128717422485,0.42511972026520717,0.4144144209922603,0.42511972026520717,330352000
2014-07-29,0.42297881841659546,0.4286883303574949,0.42155143334152184,0.4217893403071658,217972000
2014-07-30,0.430115669965744,0.43130514802786335,0.42440618661132884,0.42559566467344817,246184000
2014-07-31,0.4163176715373993,0.4282124508089973,0.41560397910922525,0.42488192395670615,401880000
2014-08-01,0.4208378195762634,0.423216776080102,0.41489039995726845,0.416317785203331,219884000
2014-08-04,0.41988617181777954,0.42393039173874253,0.41774512255356244,0.42036195739211724,241724000
2014-08-05,0.42012402415275574,0.4263093208930103,0.4151282053733661,0.4186966392559611,298136000
2014-08-06,0.41964825987815857,0.42488195749895713,0.41417665530939024,0.4172692754766396,223456000
2014-08-07,0.4153660535812378,0.42702292460580854,0.41251128419128064,0.4232166126848449,407696000
2014-08-08,0.45200201869010925,0.4543809744443159,0.43344615813541937,0.43344615813541937,894348000
2014-08-11,0.44962310791015625,0.45438101989448715,0.44843362991407354,0.4524778494288763,344624000
2014-08-12,0.44962310791015625,0.45200206390232167,0.4446272889828518,0.44938522932657515,296152000
2014-08-13,0.452239990234375,0.4560463313287876,0.44748207804605605,0.4503368196871687,256596000
2014-08-14,0.44724419713020325,0.4539052802535183,0.4453410264721996,0.4539052802535183,255992000
2014-08-15,0.45295366644859314,0.45557050104244434,0.44438941347378863,0.44867153996119086,369796000
2014-08-18,0.45913898944854736,0.45961480339415495,0.45033685684574704,0.45485686245385115,284076000
2014-08-19,0.4628426134586334,0.4652320928773125,0.45758573594966623,0.4592583943306148,248260000
2014-08-20,0.45997515320777893,0.4633204410327558,0.4587804136598953,0.4611698927556626,221468000
2014-08-21,0.45567405223846436,0.4611698594588959,0.4549572313493592,0.4587803805356505,272796000
2014-08-22,0.4559130072593689,0.45973618489472756,0.45232878890803346,0.45519615789213475,251224000
2014-08-25,0.45663008093833923,0.460931150769736,0.45567427181755693,0.45782482097568006,153380000
2014-08-26,0.4647543132305145,0.4657100938313781,0.4561521738833485,0.45782480417728405,269636000
2014-08-27,0.4594973623752594,0.4654710614054938,0.4587805127946625,0.46188684198735314,182972000
2014-08-28,0.4633205533027649,0.46427633377873767,0.4571078947544078,0.4585415939532116,179704000
2014-08-29,0.4647543132305145,0.4657100938313781,0.4599753247716514,0.4649932441383063,207932000
2014-09-02,0.4659489393234253,0.4659489393234253,0.4616478707012327,0.4659489393234253,192636000
2014-09-03,0.4702500104904175,0.47192264038453247,0.46523209232323104,0.46833842126078257,259456000
2014-09-04,0.47861313819885254,0.4814805359846932,0.4692941523645474,0.4695331116749803,491832000
2014-09-05,0.4771795868873596,0.4802859164595159,0.4740732573152034,0.4781353674550166,253792000
2014-09-08,0.4728783369064331,0.47765729489069775,0.47096674801576,0.47670151468777944,319288000
2014-09-09,0.4669046998023987,0.4738342068665514,0.4664268096391427,0.4707278780781271,198588000
2014-09-10,0.46857741475105286,0.47025007335361096,0.46427634553061625,0.46953322373606393,172376000
2014-09-11,0.46379849314689636,0.4669048227533163,0.4587805738992298,0.4652321924990433,250720000
2014-09-12,0.45686888694763184,0.4666657639693148,0.45639099676031986,0.4666657639693148,262536000
2014-09-15,0.45065632462501526,0.4590195038448157,0.4487447351063774,0.4583026542147208,294152000
2014-09-16,0.4573468267917633,0.45973630632378115,0.448027839525988,0.44946153863913585,219936000
2014-09-17,0.4575856924057007,0.4618867606470006,0.4540014736187572,0.4561520219818266,173584000
2014-09-18,0.4645153284072876,0.46499321868155663,0.45901951904107724,0.460453218348731,219604000
2014-09-19,0.4559130072593689,0.4664267315141875,0.45519615789213475,0.46594884143097653,601316000
2014-09-22,0.45137321949005127,0.4652322092830146,0.4508953006988622,0.4652322092830146,221464000
2014-09-23,0.44946154952049255,0.45447943956830616,0.44731100079870645,0.4489836308146444,196144000
2014-09-24,0.45208996534347534,0.4535236645083467,0.4487447052719008,0.44922259549857657,159592000
2014-09-25,0.4422930181026459,0.4528067438637398,0.4413372377992917,0.4516120042421273,298440000
2014-09-26,0.4432488679885864,0.44659412784533603,0.44181516891578393,0.4437267581845732,241188000
2014-09-29,0.4425320625305176,0.44563839184110027,0.43536362342217827,0.43966469258415086,208540000
2014-09-30,0.4408594071865082,0.44396573631918423,0.43560252935359023,0.440620447835978,277204000
2014-10-01,0.43655842542648315,0.4446826461786434,0.43536368540499787,0.4415763449106609,350976000
2014-10-02,0.43464669585227966,0.4379919554421978,0.4246108601128454,0.4358414354893704,288996000
2014-10-03,0.4356026351451874,0.4432489944010489,0.4356026351451874,0.43727529403543847,239140000
2014-10-06,0.43297410011291504,0.4408593880348996,0.43010670197049,0.4372751688417104,199032000
2014-10-07,0.4284340739250183,0.43536358148651344,0.42795618372746336,0.4310625127388341,301896000
2014-10-08,0.4363194406032562,0.43846998960752337,0.4246109719840612,0.42795626094019434,260172000
2014-10-09,0.427956223487854,0.4348857316931532,0.424372003945927,0.4344078129663537,306956000
2014-10-10,0.40262770652770996,0.4260446421635437,0.4023887756445966,0.42461094292548196,691376000
2014-10-13,0.4011939764022827,0.41338033266782764,0.400716086221933,0.4052560856625173,397628000
2014-10-14,0.4105130136013031,0.421743562402865,0.40430035503796524,0.40668983471850373,376620000
2014-10-15,0.41672560572624207,0.4188761543337709,0.401910838753137,0.40453924907143834,404428000
2014-10-16,0.4169645309448242,0.4217434894795757,0.40836239418833564,0.40931820298618976,351116000
2014-10-17,0.41624772548675537,0.42676145246596225,0.41457509551967603,0.42198249342582533,290716000
2014-10-20,0.41983190178871155,0.4236550800233798,0.41338031344194365,0.41624768287552494,200336000
2014-10-21,0.43775317072868347,0.4382310610460727,0.42174363145977495,0.42293837149567265,351092000
2014-10-22,0.4274783134460449,0.43846993092611825,0.4274783134460449,0.4370362317818153,239512000
2014-10-23,0.4370362162590027,0.44014254530476504,0.4317793670580124,0.43488569610377475,214476000
2014-10-24,0.4415762424468994,0.44420465279335886,0.43703621432781836,0.4396646531591201,210156000
2014-10-27,0.441815048456192,0.4434876779285293,0.43655820076391744,0.4413371583905006,145092000
2014-10-28,0.45232895016670227,0.45280684042028474,0.4401425920336993,0.4406204822872818,192580000
2014-10-29,0.44946154952049255,0.4530457689052924,0.4453994114298445,0.4504173299625017,168340000
2014-10-30,0.4465942680835724,0.4501784884062429,0.44085952696124,0.4482669270220328,170260000
2014-10-31,0.4669046998023987,0.4671436591264468,0.4544793846487014,0.4568688639498216,256316000
2014-11-03,0.474790096282959,0.47933012508912887,0.4724006164328212,0.47765746640615503,308732000
2014-11-04,0.48100268840789795,0.48267531837346,0.47001107123161684,0.4778963593376583,360196000
2014-11-05,0.48100268840789795,0.48410901747813767,0.47741846913104663,0.4838700866172532,335652000
2014-11-06,0.4831532835960388,0.4838701332174154,0.4745511166243655,0.4819585152371809,394088000
2014-11-07,0.4728783369064331,0.4943836763204604,0.4680993789221685,0.4886489381332774,450800000
2014-11-10,0.4783743917942047,0.4814807216031794,0.47120592305088266,0.47240066309396145,293388000
2014-11-11,0.4726395905017853,0.4781353715400381,0.46857745184241917,0.4755069607141014,212992000
2014-11-12,0.46953320503234863,0.4721616155455252,0.46308158721626935,0.47096687572548745,204584000
2014-11-13,0.46714359521865845,0.47192255316711146,0.4633204174659616,0.47120570377787624,225328000
2014-11-14,0.4728783369064331,0.4728783369064331,0.46308146164475605,0.46762148882070936,160248000
2014-11-17,0.47072792053222656,0.4757458389110721,0.46762159146364807,0.47072792053222656,158732000
2014-11-18,0.48195862770080566,0.48315339633845933,0.4697722667482891,0.4709670069010906,207772000
2014-11-19,0.4801587760448456,0.4837581924727396,0.47511965025657726,0.48231842590158197,240300000
2014-11-20,0.4880775213241577,0.48855746266971395,0.47535967638024734,0.4767994432061227,220968000
2014-11-21,0.4907169044017792,0.49311649568838184,0.4866376049356316,0.4923966125813241,198976000
2014-11-24,0.49383655190467834,0.4959961447721051,0.4899971930581132,0.4919168438760012,136004000
2014-11-25,0.49359646439552307,0.49719588054901925,0.4919167559274845,0.49287658116482386,190240000
2014-11-26,0.5019952654838562,0.5024752069005987,0.49047718637925375,0.4907171856930259,219264000
2014-11-28,0.5031948685646057,0.5060744017012762,0.4991155680948447,0.5036748098243118,124832000
2014-12-01,0.49383655190467834,0.5039148045147741,0.49311666854527303,0.5010353282879421,190060000
2014-12-02,0.4945564866065979,0.4967160796982234,0.48879741913347646,0.49335666181276594,245952000
2014-12-03,0.5072740912437439,0.5075140332043494,0.4955160770125569,0.49695584319772557,284424000
2014-12-04,0.5027148723602295,0.5084738801379552,0.4993554559241203,0.5065542299489701,185332000
2014-12-05,0.5055944323539734,0.5082339658100858,0.5027148997031062,0.5029548416870874,165680000
2014-12-08,0.49911537766456604,0.5099135655964041,0.4950360787512027,0.504874441740619,226944000
2014-12-09,0.4974358081817627,0.49863563260185095,0.48855732487406317,0.4959960417619677,239448000
2014-12-10,0.4863978326320648,0.4979159105066455,0.4859179484773713,0.4959962022554842,204364000
2014-12-11,0.4861578345298767,0.49263672755797744,0.48519800912030425,0.48927731001907915,135652000
2014-12-12,0.471040278673172,0.4839980614359883,0.47056033748497433,0.4796787909799204,323964000
2014-12-15,0.46960073709487915,0.4851981180423447,0.46816097005191276,0.4765595443899475,254696000
2014-12-16,0.46432140469551086,0.47655933332440986,0.4640814626982195,0.46912061651138687,185308000
2014-12-17,0.48327818512916565,0.4839980683163084,0.45832241580900546,0.47367981891496275,345596000
2014-12-18,0.48519793152809143,0.49503624052176104,0.48063869004824356,0.48927723177451005,226156000
2014-12-19,0.4899970293045044,0.49191667948085865,0.4839980223845499,0.4885572630668537,325528000
2014-12-22,0.4986357092857361,0.4986357092857361,0.4878375166874249,0.48951722536524467,148976000
2014-12-23,0.49551618099212646,0.5048746059487355,0.4950362397594363,0.5024750142068444,109280000
2014-12-24,0.49359646439552307,0.4974358225556594,0.4931165803822429,0.49671593932496017,45644000
2014-12-26,0.4940764605998993,0.49671599459900184,0.4923967519449445,0.4935965193224328,52636000
2014-12-29,0.4933564364910126,0.4967158528421846,0.4902369621047045,0.49263655338565154,82944000
2014-12-30,0.48879745602607727,0.4923968734684487,0.488077572537603,0.4899972809104675,112120000
2014-12-31,0.48111867904663086,0.49215681361433805,0.47967888380879176,0.48951722238459133,166300000
2015-01-02,0.48303836584091187,0.48663778269096786,0.4753596480346523,0.48303836584091187,113680000
2015-01-05,0.4748796820640564,0.48447807824539446,0.47272006080162515,0.4830383116668458,197952000
2015-01-06,0.4604821801185608,0.4760795291033633,0.46000226740933814,0.47559961639414067,197764000
2015-01-07,0.4592823386192322,0.46792088095245704,0.45784257202856404,0.463841551814028,321808000
2015-01-08,0.4765593409538269,0.4794388738105297,0.46432141212900635,0.46456138273552783,283780000
2015-01-09,0.4784790277481079,0.48207844387734894,0.47176016531584,0.47823908574308466,209540000
2015-01-12,0.4724801182746887,0.47991886503068415,0.46816084688751053,0.47967889438485456,190732000
2015-01-13,0.47176027297973633,0.48567791363595547,0.46840085529961945,0.4760795447151693,236720000
2015-01-14,0.47367987036705017,0.4751196368977261,0.46552126964092866,0.46672106554802834,155260000
2015-01-15,0.470320463180542,0.47991883063960894,0.47008049255190876,0.4770393261229671,188932000
2015-01-16,0.47895899415016174,0.47943890679082884,0.468160802405503,0.46960056893289503,181512000
2015-01-20,0.4803987741470337,0.4849579586638974,0.47439976585162646,0.48231842476352543,140308000
2015-01-21,0.48711761832237244,0.48831744288992246,0.4743997754024205,0.47775922125969783,144780000
2015-01-22,0.49551618099212646,0.49695594747941707,0.48303828104998114,0.4880774065447183,159712000
2015-01-23,0.49695587158203125,0.49791569669004276,0.4919166896461212,0.4959959892632485,120416000
2015-01-26,0.4947965741157532,0.49719616719793036,0.4916770973878417,0.4947965741157532,133240000
2015-01-27,0.471040278673172,0.48759747732053427,0.47008042490216395,0.4871175361323366,357948000
2015-01-28,0.46336162090301514,0.47871902571219466,0.4631216502788909,0.4767993465353733,272728000
2015-01-29,0.47463974356651306,0.47727927750628635,0.46144195944607863,0.46360160932995714,235340000
2015-01-30,0.46072205901145935,0.4767993471068918,0.4600022043490055,0.47128028019393675,298200000
2015-02-02,0.4708004593849182,0.4727201389384935,0.45448322608762254,0.46360168251305806,259604000
2015-02-03,0.4825582206249237,0.48303816173906794,0.4717600604535705,0.47415965160276013,183468000
2015-02-04,0.48375818133354187,0.489277248255373,0.4796788523443247,0.48111864748772065,181516000
2015-02-05,0.4916769564151764,0.49191689849135484,0.48375829579333357,0.48423817994569046,140448000
2015-02-06,0.48951736092567444,0.49695613822834217,0.4873577103657901,0.49119707006865054,210524000
2015-02-09,0.4890371263027191,0.4904768351002248,0.48351806141153797,0.4866375353591952,273944000
2015-02-10,0.5027148723602295,0.5029548143311601,0.4873574420052668,0.4895170913759529,226204000
2015-02-11,0.4993557333946228,0.5039149194294986,0.4959962578810272,0.5039149194294986,320832000
2015-02-12,0.5351095199584961,0.5399087038603924,0.5247912688483407,0.5279107441056518,676904000
2015-02-13,0.5353495478630066,0.5360694312848423,0.5257511785195893,0.5339097810193352,310084000
2015-02-17,0.5370292663574219,0.5396688580215068,0.5310303140161641,0.5343897319041321,203340000
2015-02-18,0.5307901501655579,0.53726909906894,0.5298303249538344,0.5363092166464393,170948000
2015-02-19,0.5322301387786865,0.5384690910756307,0.5298305461422311,0.5375092654632088,169432000
2015-02-20,0.5360694527626038,0.5363093948425642,0.5279108499359814,0.531750209269332,157752000
2015-02-23,0.5317500829696655,0.5358293834140737,0.5291104918738617,0.5358293834140737,125008000
2015-02-24,0.5374109745025635,0.5374109745025635,0.5289800903450375,0.5337977548439354,149356000
2015-02-25,0.533315896987915,0.5376518289392024,0.530907065047561,0.5352429395677648,123820000
2015-02-26,0.5347610712051392,0.5378925576717739,0.5304251403600746,0.5337975501610367,152864000
2015-02-27,0.5313887000083923,0.5345201863640799,0.5294616005573947,0.5333157420283231,157492000
2015-03-02,0.5443964600563049,0.5472870809571067,0.5292208151892472,0.5299434704144477,301512000
2015-03-03,0.5342795252799988,0.5429513334882254,0.5325933483271624,0.5403016350524961,160344000
2015-03-04,0.5403014421463013,0.5415058292121361,0.5301843266103459,0.532352292246138,226840000
2015-03-05,0.5506595373153687,0.5516230586532097,0.5388562429913274,0.5403015537136323,323056000
2015-03-06,0.5431922078132629,0.5501777810058767,0.5427104183998355,0.5475280828097504,257392000
2015-03-09,0.5446373224258423,0.5487323878188889,0.5422284908346194,0.5434329353457685,222388000
2015-03-10,0.5540318489074707,0.557645125440584,0.5460826979657037,0.5470462192308398,527212000
2015-03-11,0.5511410236358643,0.5612580782666128,0.549695713708313,0.5540315860599118,262120000
2015-03-12,0.5460825562477112,0.5499366977391207,0.5357245761156402,0.5458416903517066,406972000
2015-03-13,0.5468051433563232,0.5482504534147206,0.5359653753494033,0.5434327915074362,359288000
2015-03-16,0.5533092021942139,0.55668161282119,0.5475280170825281,0.5511412936717586,236956000
2015-03-17,0.5600539445877075,0.5602948105407456,0.5482506514226286,0.5521047938266422,299900000
2015-03-18,0.5509001612663269,0.5629443162757253,0.5458416333916979,0.5600537535321064,413844000
2015-03-19,0.5593312978744507,0.5612583403904668,0.5487324491741983,0.552827457594044,310756000
2015-03-20,0.5653533339500427,0.5687257444110501,0.5586086278901885,0.5639080808165599,462084000
2015-03-23,0.5470461845397949,0.5557179902382603,0.546805318596556,0.5484914950613856,426012000
2015-03-24,0.5395786762237549,0.5492140004977583,0.537169845155254,0.5453598593019444,330480000
2015-03-25,0.5068186521530151,0.5393379060646268,0.5051324184178455,0.5393379060646268,542552000
2015-03-26,0.5051323175430298,0.5073002826858145,0.4928472965960393,0.49646057183401393,311920000
2015-03-27,0.5150086283683777,0.516935670445384,0.49983298536097953,0.5080230003348596,318288000
2015-03-30,0.5171765089035034,0.5198262056823076,0.510672613741069,0.517417374765833,253252000
2015-03-31,0.5041690468788147,0.5162132079320155,0.5036873148953407,0.5157314759485415,357276000
2015-04-01,0.5060960054397583,0.5077821817721034,0.4974242004226444,0.5060960054397583,330768000
2015-04-02,0.5073001980781555,0.510431683618443,0.5029643259467855,0.5089863737643023,192204000
2015-04-06,0.521994411945343,0.5236805886229362,0.4998331343008282,0.5051325303072395,515864000
2015-04-07,0.5265712141990662,0.532352399629589,0.5191037946465166,0.5219944160773211,413964000
2015-04-08,0.5304250121116638,0.5323521111649955,0.5219941332253848,0.5270526605571522,366432000
2015-04-09,0.5427101254463196,0.5443963013364875,0.526089174974732,0.526330040835882,379432000
2015-04-10,0.5482504963874817,0.5484913622724074,0.5412648688450564,0.5431919682176555,258728000
2015-04-13,0.5431922078132629,0.5501777810058767,0.5407833181772155,0.5470462933963229,236724000
2015-04-14,0.538615345954895,0.5431921438345731,0.533315892755737,0.5410241778761335,220276000
2015-04-15,0.545119047164917,0.549214054641968,0.5374107640133688,0.5400605186516896,243560000
2015-04-16,0.5417468547821045,0.5465645188165466,0.5378927120683338,0.541987720754501,155284000
2015-04-17,0.5347610712051392,0.5400605230943061,0.5301842744568163,0.5304251403600746,293636000
2015-04-20,0.5321112871170044,0.540542166665524,0.5311477087991224,0.5371698148461161,231624000
2015-04-21,0.5313887000083923,0.5386151937297329,0.5287389454421539,0.5386151937297329,230456000
2015-04-22,0.5374109745025635,0.5381336299205073,0.5263303346688799,0.5345204102618792,207420000
2015-04-23,0.5352427959442139,0.540301381863328,0.5215124633116119,0.527534570262106,259380000
2015-04-24,0.530666172504425,0.535242912760113,0.5246440642396156,0.5350020468074664,240960000
2015-04-27,0.5347610712051392,0.5441555306050433,0.5277754431310256,0.5323522398793485,248456000
2015-04-28,0.5374109745025635,0.5393380747607773,0.5287391669183289,0.5337977548439354,234484000
2015-04-29,0.533315896987915,0.5388562161938376,0.5311479310122713,0.5335567629526253,195156000
2015-04-30,0.5347610712051392,0.5374107684341881,0.5294616193159722,0.530666063694402,218844000
2015-05-01,0.5480096340179443,0.5496958100853696,0.536688075887844,0.5390969070457465,256968000
2015-05-04,0.5446373224258423,0.5511412194101117,0.5429511460550939,0.5475279433077398,200720000
2015-05-05,0.530666172504425,0.5434329868919836,0.5282573406847174,0.5427103316029632,292928000
2015-05-06,0.5323523879051208,0.5386153625798714,0.5253667578885848,0.5335567751873733,316484000
2015-05-07,0.5417468547821045,0.5434330314510506,0.528498249971846,0.5301844266407922,534564000
2015-05-08,0.5017600655555725,0.5260893038546601,0.4935700499595154,0.5060959967048307,1146552000
2015-05-11,0.49694231152534485,0.5020008969394049,0.4909202626071662,0.4947743463478906,544144000
2015-05-12,0.5017600655555725,0.505855073353601,0.49308826068812905,0.4933291840393587,388800000
2015-05-13,0.5046506524085999,0.5092274491704484,0.4998329897427811,0.5053733075515796,308524000
2015-05-14,0.5128408074378967,0.5154905628291154,0.5048916561264104,0.5060961008371616,293052000
2015-05-15,0.5130818486213684,0.5174177242270263,0.5099503605718552,0.5150088916836391,215824000
2015-05-18,0.5123589634895325,0.5154904501355964,0.5094683427605281,0.511877174224341,324972000
2015-05-19,0.5091647505760193,0.5147307152741295,0.5081967115613629,0.5130366758469435,253808000
2015-05-20,0.5091647505760193,0.5154567156866592,0.508680731068691,0.5094067314812207,196824000
2015-05-21,0.5055345296859741,0.511584511272597,0.5050505103881602,0.5094065109777847,239692000
2015-05-22,0.5048085451126099,0.5086805265234995,0.5035985833762143,0.5067445646665057,212592000
2015-05-26,0.5016624927520752,0.5057764543880409,0.49779051188972695,0.5023884927698214,259732000
2015-05-27,0.5285243988037109,0.5309443799899333,0.5033565483094761,0.5050505293701415,432332000
2015-05-28,0.5357845425605774,0.5374785242542064,0.5275566149924013,0.5285245962892001,327656000
2015-05-29,0.5355425477027893,0.5391724918954088,0.5348165473248808,0.5357845285964512,335168000
2015-06-01,0.5415924191474915,0.5469164021480581,0.5355424935393591,0.5389304564956666,372660000
2015-06-02,0.5309444665908813,0.5411084123095907,0.5304604471959287,0.5382044113336989,224304000
2015-06-03,0.5251363515853882,0.5365102555478313,0.5241683131102453,0.5323962939676004,250788000
2015-06-04,0.5345745086669922,0.5362684901334254,0.5219905804055842,0.5219905804055842,323712000
2015-06-05,0.5386883616447449,0.5411083429153344,0.52731439774576,0.5328803604378064,313320000
2015-06-08,0.5263464450836182,0.540624352657028,0.520296520430234,0.5369944094043791,342812000
2015-06-09,0.5290085077285767,0.5328804321248765,0.5258625258838988,0.5268305069829737,256888000
2015-06-10,0.519570529460907,0.5261044735891561,0.5166665286497256,0.5227165111073838,529460000
2015-06-11,0.5251363515853882,0.5287662939280476,0.5195703899893361,0.5195703899893361,283052000
2015-06-12,0.5108585953712463,0.5248944649583618,0.5096485757757327,0.5217484832463185,323728000
2015-06-15,0.5098904967308044,0.5123104776668672,0.5043245348081704,0.5081964581483536,306548000
2015-06-16,0.5161824226379395,0.5169084227188713,0.5038405366558952,0.5089224795255195,256892000
2015-06-17,0.5222324132919312,0.5251364136668835,0.5147304892525043,0.5159404509441343,233544000
2015-06-18,0.5309444665908813,0.5343324292648137,0.5251365223360097,0.5265885228239556,299404000
2015-06-19,0.5292503833770752,0.5353003073164009,0.5244104211468543,0.5309443643879624,355656000
2015-06-22,0.527072548866272,0.5331225324056494,0.5190866029045684,0.5302185310752412,514236000
2015-06-23,0.5135204195976257,0.5321542663211812,0.5094064579337416,0.5280403046572971,414064000
2015-06-24,0.5084385871887207,0.5154565504623541,0.5060186058216306,0.5127945305707201,253368000
2015-06-25,0.5123105645179749,0.5154565460378788,0.5084385828244848,0.5084385828244848,350460000
2015-06-26,0.5019046664237976,0.508680649961359,0.49972672323039946,0.508196630531206,421296000
2015-06-29,0.48690065741539,0.501178562494303,0.48617465735231835,0.49609656205280145,391724000
2015-06-30,0.4866586923599243,0.49198267439346677,0.4832707300189911,0.48980467387562127,315916000
2015-07-01,0.49367672204971313,0.5057766303946739,0.4893207781242929,0.4987587239424366,302892000
2015-07-02,0.49416065216064453,0.49730663353150356,0.49101467078978545,0.49343465202145365,145764000
2015-07-06,0.48811084032058716,0.49682278732974683,0.48448089605664285,0.4900468605986914,214776000
2015-07-07,0.4789147675037384,0.48714272154545707,0.46366887896473225,0.4852067595106562,594252000
2015-07-08,0.4755267798900604,0.47915675178559347,0.47165479832877766,0.4762527800388575,332492000
2015-07-09,0.4697188436985016,0.48520677113561006,0.46681487172827096,0.48302877052159626,357588000
2015-07-10,0.4779466986656189,0.4823026701404367,0.4745587080303391,0.4757686985039858,216708000
2015-07-13,0.4810928404331207,0.48375480305561985,0.47794685838065987,0.48278682189261257,212472000
2015-07-14,0.4813346862792969,0.48230269601922354,0.47504275278779856,0.4818187055734852,249216000
2015-07-15,0.4779466986656189,0.4832706509799747,0.47359072719080114,0.48012466997880354,265732000
2015-07-16,0.4885947108268738,0.4885947108268737,0.4791567663034584,0.4808507474696756,282848000
2015-07-17,0.48569077253341675,0.4873847539172354,0.47939880870956825,0.4869007922058093,220372000
2015-07-20,0.4767369031906128,0.4876268507561726,0.4755269122220462,0.48569083058831375,188412000
2015-07-21,0.4789147675037384,0.4856907211709027,0.4757687859245064,0.4757687859245064,149720000
2015-07-22,0.4697188436985016,0.47552681648741724,0.46391089975804034,0.47552681648741724,356472000
2015-07-23,0.4755267798900604,0.48254471401537674,0.4697188075481363,0.4706868173626831,169916000
2015-07-24,0.4699608087539673,0.4793987239730772,0.4680248180081763,0.4789147334987424,188844000
2015-07-27,0.4672989547252655,0.47262290919902117,0.46197500025150984,0.4658469540285775,192420000
2015-07-28,0.4774627685546875,0.4806087211047788,0.46366885233403204,0.46850881483995965,198308000
2015-07-29,0.4832708537578583,0.48714283643757045,0.4745589071527362,0.4764948984925923,232680000
2015-07-30,0.4844808578491211,0.4893208216173029,0.48206084711657055,0.48206084711657055,190180000
2015-07-31,0.4827868640422821,0.48665881788081006,0.479882891451271,0.48641683699316113,218340000
2015-08-03,0.4910147786140442,0.49149874034851104,0.48036684154740195,0.4866587768223441,397132000
2015-08-04,0.4929506182670593,0.4944026185029391,0.48738465582745494,0.48932067537426194,260100000
2015-08-05,0.49803268909454346,0.5055346144384999,0.49706465033662445,0.5050505950595403,234628000
2015-08-06,0.49488669633865356,0.500452659436483,0.4866587132612695,0.49682265841750345,655676000
2015-08-07,0.5561124086380005,0.5655502978999184,0.5294925493648255,0.5435284793595484,1405248000
2015-08-10,0.5754720568656921,0.5795860189473825,0.5488522071892715,0.5522402268714579,662304000
2015-08-11,0.5725680589675903,0.5781340212662704,0.5670020966689102,0.5670020966689102,435008000
2015-08-12,0.5740199685096741,0.5781339299595049,0.5633720648926479,0.5633720648926479,384048000
2015-08-13,0.5691801309585571,0.5759561130601241,0.5677281306727282,0.5747460935896319,276884000
2015-08-14,0.5696641206741333,0.5730520827003533,0.5653081200430781,0.5686960820692981,214652000
2015-08-17,0.566034197807312,0.5686961600935735,0.5590162342923584,0.5686961600935735,273880000
2015-08-18,0.5608822703361511,0.5681727605542883,0.5565079414414693,0.564284487516682,287084000
2015-08-19,0.5586950778961182,0.5664716235816972,0.5526196407155728,0.5601531874546221,249248000
2015-08-20,0.538524866104126,0.5550499578416196,0.535851645192718,0.5523767948698907,426932000
2015-08-21,0.5217565894126892,0.5436280596676825,0.52127053356449,0.534636461023485,382664000
2015-08-24,0.5032872557640076,0.5305051042364263,0.4860330580986102,0.49259449233149305,682284000
2015-08-25,0.4928375780582428,0.5273459174709698,0.4928375780582428,0.5254017522149568,622684000
2015-08-26,0.5300191640853882,0.530505219961861,0.5049884742102392,0.5088767474030167,614976000
2015-08-27,0.5499464273452759,0.5501894262692091,0.5324492301496178,0.5356084479193799,463764000
2015-08-28,0.5523766875267029,0.5557789048186021,0.5460582508762225,0.5499465240411079,320944000
2015-08-31,0.5463013052940369,0.5535918544305012,0.5441141984927712,0.5497035808709447,219352000
2015-09-01,0.5239439010620117,0.5394969990191517,0.5200556845124142,0.5305053968537544,353408000
2015-09-02,0.5397399067878723,0.5399829057962043,0.5292901962137851,0.5382817968585247,344044000
2015-09-03,0.5411978960037231,0.5504325515366943,0.5402258422475327,0.5477593312825897,262556000
2015-09-04,0.5285608768463135,0.5404686913930843,0.5283178779595372,0.531963093019777,287972000
2015-09-08,0.5511617064476013,0.5533488714809595,0.5392539431252413,0.5414410502189181,238448000
2015-09-09,0.5402259826660156,0.5574801296270986,0.5390108717001907,0.5528628586001315,289392000
2015-09-10,0.5487314462661743,0.5555359391980816,0.5346365203795406,0.5370666840110065,357076000
2015-09-11,0.550432562828064,0.5540777789734709,0.5404688522886418,0.5426560167396856,301584000
2015-09-14,0.5514046549797058,0.554806872402777,0.5484884355086904,0.5531057636912414,192460000
2015-09-15,0.5574800372123718,0.5603962566951795,0.5499465474680124,0.5516476561864269,327976000
2015-09-16,0.5613682866096497,0.5645275049347784,0.5523766875072321,0.5565079596386311,173508000
2015-09-17,0.5664715766906738,0.5761922290231661,0.5652564661792832,0.571088845990847,268712000
2015-09-18,0.5659856200218201,0.5708459470392774,0.5552929121713477,0.5586951294956342,326412000
2015-09-21,0.5718180537223816,0.5730331645589234,0.5637985076081615,0.5667147272641229,281840000
2015-09-22,0.5562649965286255,0.5633124884727815,0.5533487769821688,0.5594242150573964,228356000
2015-09-23,0.5589379668235779,0.5623401831639667,0.5545636969487425,0.5567508029163344,161632000
2015-09-24,0.5696309208869934,0.5754633019926928,0.5467873364851915,0.5555359371135762,382440000
2015-09-25,0.5737621188163757,0.5849408816168775,0.568172737416125,0.5766782800210739,369692000
2015-09-28,0.5662285685539246,0.5774073312862605,0.5625833525853637,0.5737621153176997,395584000
2015-09-29,0.576192319393158,0.5771643731909325,0.5642845010363354,0.5723040462623927,380736000
2015-09-30,0.5990358591079712,0.5997649139591564,0.57813644121311,0.5815386585588621,556380000
2015-10-01,0.5873713493347168,0.600737225480818,0.5703601394292712,0.5990361160782122,489296000
2015-10-02,0.6026811003684998,0.6026811003684998,0.5781364095614773,0.5842118470088489,386144000
2015-10-05,0.6177481412887573,0.6252816304765677,0.6034101597903124,0.6065693780167382,482024000
2015-10-06,0.6257676482200623,0.6284408104258876,0.6087565053890904,0.6111866686506578,453216000
2015-10-07,0.6323290467262268,0.6386474824294538,0.6170190132682764,0.627225721553463,310152000
2015-10-08,0.6359742879867554,0.6376753962910364,0.6189630890646326,0.6296558526053365,460068000
2015-10-09,0.6335443258285522,0.6386476523591962,0.621636505984042,0.632572213969661,423248000
2015-10-12,0.6403485536575317,0.6439938270977077,0.6296558481324418,0.6342731172371238,227588000
2015-10-13,0.6415637731552124,0.6454519882326853,0.6330581723089928,0.6352453367448205,298444000
2015-10-14,0.6648935675621033,0.6753432793141925,0.6415639798816176,0.642292976988794,612148000
2015-10-15,0.6665945053100586,0.6802034327864594,0.6593040146555227,0.6661084494238885,526048000
2015-10-16,0.677044153213501,0.6833625894645784,0.6670804429946234,0.6687816094727063,448396000
2015-10-19,0.6758289933204651,0.6823904859842765,0.6680525059887144,0.6792312680889947,294712000
2015-10-20,0.674856960773468,0.6780161787676521,0.6678094700218528,0.6729128533645833,264824000
2015-10-21,0.6661085486412048,0.6831197539752883,0.6648934956543006,0.6789884231766511,386280000
2015-10-22,0.6901670694351196,0.692354233960995,0.6729129260145508,0.6738849798239394,306884000
2015-10-23,0.6947842836380005,0.6994016109007926,0.6857926859796981,0.6962423930830568,381776000
2015-10-26,0.69162517786026,0.6969715607116688,0.6853067412012317,0.6952704520634178,247436000
2015-10-27,0.6911391615867615,0.6955134325748108,0.6877368864408717,0.6882229423016177,208268000
2015-10-28,0.6967284679412842,0.6967284679412842,0.6853066489356011,0.6955133573906043,217036000
2015-10-29,0.6726698279380798,0.6925971905394392,0.6714547752356259,0.6855497573979443,327168000
2015-10-30,0.689437985420227,0.6942983701408434,0.6748570050773747,0.6799603887551389,301160000
2015-11-02,0.6974575519561768,0.6981866067898158,0.6874938991292222,0.6916251712267318,190088000
2015-11-03,0.6925970911979675,0.697214418272276,0.6848206043745415,0.693326145890735,376768000
2015-11-04,0.6811754703521729,0.6957564513130403,0.6780162520166848,0.6906531253586371,442264000
2015-11-05,0.6733989119529724,0.6865218409347749,0.671454804368829,0.6845776754109645,478800000
2015-11-06,0.7667170763015747,0.7761947284632422,0.7246752546896451,0.7399852858970886,1172272000
2015-11-09,0.7633150815963745,0.7655022461008036,0.7526223159789436,0.7591838094922311,492568000
2015-11-10,0.7487341165542603,0.7574827168166298,0.7326950257298608,0.7533513866857778,552260000
2015-11-11,0.7414437532424927,0.7545666269184255,0.7387705323531889,0.7492202430794965,619896000
2015-11-12,0.7387704849243164,0.7465470322017466,0.7356112662140901,0.7397425388490765,291080000
2015-11-13,0.7241894006729126,0.7426586544119081,0.7205441265416854,0.7394994361447335,292940000
2015-11-16,0.7387704849243164,0.7392565408565338,0.72783471893666,0.73366715836457,344280000
2015-11-17,0.7387704849243164,0.745088922344769,0.7356112662140901,0.7407146507135114,257048000
2015-11-18,0.7569437623023987,0.7579195652704458,0.7337695177652038,0.7418195142137273,350216000
2015-11-19,0.7591392397880554,0.7667013348327154,0.7535286343808328,0.7596271412772508,254072000
2015-11-20,0.7657256722450256,0.7701166116403094,0.7601150662352819,0.764749927321522,239744000
2015-11-23,0.7542607188224792,0.7720682860316851,0.751577405101543,0.7720682860316851,242552000
2015-11-24,0.760358989238739,0.7669453396795671,0.7508453460865767,0.7542604821433506,195428000
2015-11-25,0.7593830227851868,0.7679209192491694,0.7566997104837804,0.7588951795447464,138300000
2015-11-27,0.7657256722450256,0.7681650636336239,0.7569438516141364,0.7608468894678292,86996000
2015-11-30,0.7737756371498108,0.777190831478175,0.7657256400895165,0.766457463291332,327244000
2015-12-01,0.7989015579223633,0.7996333812401027,0.7798742679805077,0.7806060912982471,409496000
2015-12-02,0.7928029894828796,0.8084150833703435,0.7910954212576634,0.8001211639450985,294240000
2015-12-03,0.7910954356193542,0.8074393530657185,0.7871923975367116,0.7991454334899041,246656000
2015-12-04,0.8232953548431396,0.8247590012656305,0.7910953661870466,0.7910953661870466,458756000
2015-12-07,0.8076832294464111,0.8230513999429914,0.8052438382272662,0.8230513999429914,333588000
2015-12-08,0.8186606764793396,0.8220758134537188,0.7925591893755995,0.7976818948371682,314488000
2015-12-09,0.7979256510734558,0.8232953677003533,0.7896317320960521,0.8184165849889772,372676000
2015-12-10,0.8045120239257812,0.8089029049048391,0.7976816935409776,0.8003650064637532,236596000
2015-12-11,0.7925591468811035,0.8020727920793738,0.7908515784854683,0.7964621852824211,227320000
2015-12-14,0.7945106625556946,0.7989016027082847,0.7849970170514378,0.7932909957308785,275892000
2015-12-15,0.8042680621147156,0.8098786679223915,0.7991453578310586,0.8035362389085251,307296000
2015-12-16,0.8091467022895813,0.8118300729598428,0.7989012955256717,0.8059754883408475,236356000
2015-12-17,0.7969498038291931,0.8186604015549274,0.7964619605165045,0.8103664836425206,254160000
2015-12-18,0.7840209603309631,0.7993891284371899,0.7830452156270066,0.7913391328501347,395896000
2015-12-21,0.8025604486465454,0.8032922718113614,0.7854847105067413,0.7925589623268477,284216000
2015-12-22,0.8032922148704529,0.8113422109531371,0.7984134328906242,0.804999782747426,130012000
2015-12-23,0.8064636588096619,0.8096348738162908,0.803048522082426,0.8045121687254372,122524000
2015-12-24,0.8091467022895813,0.8110982498824684,0.8028042743921139,0.8040239989076265,52448000
2015-12-28,0.8084151148796082,0.8084151148796082,0.7893878838000951,0.8006090967114646,142024000
2015-12-29,0.821587860584259,0.8240272521211135,0.8067075314976694,0.808903001328743,203660000
2015-12-30,0.8145137429237366,0.8279304276840229,0.8142698211774542,0.8208561736046105,180344000
2015-12-31,0.804024338722229,0.816953121620649,0.804024338722229,0.8132940628469705,148528000
2016-01-04,0.7896318435668945,0.7947545486890987,0.7815818451407531,0.787680353470727,358076000
2016-01-05,0.8023164868354797,0.8157331666395935,0.7928028443285448,0.804511956220081,490272000
2016-01-06,0.7691410183906555,0.7928031137102323,0.7601152161292523,0.7891439968259215,449344000
2016-01-07,0.7386483550071716,0.7549922694973756,0.7288907324856072,0.7498695074956118,645304000
2016-01-08,0.7227923274040222,0.7488938078293302,0.7213286810295858,0.748161984642112,398472000
2016-01-11,0.7240121364593506,0.7291348997782559,0.7110833545396857,0.7235242930116266,409372000
2016-01-12,0.7362089157104492,0.7469422831813821,0.7310862117990986,0.7369407388634525,469356000
2016-01-13,0.7137668132781982,0.7466986345670475,0.7130349898575844,0.741819792376391,481672000
2016-01-14,0.6993740797042847,0.7074240756810257,0.6786392274830625,0.699130099896736,600236000
2016-01-15,0.6613196134567261,0.6793711558697372,0.6498544799942119,0.6713211586454737,841452000
2016-01-19,0.6666863560676575,0.6940075646866203,0.6640029846513622,0.6749802757042305,457140000
2016-01-20,0.6703454852104187,0.6788833856167259,0.6452197437765731,0.6540015659157299,481180000
2016-01-21,0.6781513690948486,0.6886407566955474,0.6637589440818503,0.6776635257681061,481456000
2016-01-22,0.6940075159072876,0.6986423769735913,0.689616576530891,0.6910802229896899,257996000
2016-01-25,0.6932756304740906,0.70181352861124,0.6918119841466166,0.6937635319698061,270728000
2016-01-26,0.700106143951416,0.7030334376161076,0.6876652621958624,0.6947395164457386,227944000
2016-01-27,0.6918121576309204,0.7013258029855454,0.6786394536997088,0.699130332943781,231700000
2016-01-28,0.6842499375343323,0.6998620304288408,0.6708332561270811,0.6974226390965839,276776000
2016-01-29,0.7144985198974609,0.7159621666185615,0.6874212881958555,0.6901046017447474,310504000
2016-02-01,0.7147424221038818,0.7184014803492338,0.7076681691606042,0.7137666771157668,289884000
2016-02-02,0.6844936013221741,0.7110829742735667,0.6796148204958445,0.7074239177336471,341908000
2016-02-03,0.6879091858863831,0.6940076949851104,0.6720531669171393,0.6898607343882408,326772000
2016-02-04,0.6881529688835144,0.7037650616325005,0.6813226383210554,0.6888847339326614,348140000
2016-02-05,0.644731879234314,0.6910803844034916,0.6427803889398965,0.6835182868130093,600428000
2016-02-08,0.6152148842811584,0.6381451431748213,0.6061890871561165,0.6349739297329756,608852000
2016-02-09,0.621801495552063,0.6476590572152973,0.6049696766686911,0.6078969697474275,425372000
2016-02-10,0.620337724685669,0.643755890143088,0.6169225888847196,0.6257044082012104,335800000
2016-02-11,0.6171665787696838,0.6235090077638704,0.6044817207813106,0.6044817207813106,340144000
2016-02-12,0.6276559829711914,0.6288757077283688,0.6037499127995481,0.6269241597488205,340816000
2016-02-16,0.6583924293518066,0.6593682325750833,0.6347303353012387,0.6366818254284186,485352000
2016-02-17,0.6747363209724426,0.6810787503228112,0.6640029521519669,0.6666863234369255,771468000
2016-02-18,0.7327936887741089,0.755724009014912,0.7293785532572865,0.7301103763194149,1068660000
2016-02-19,0.7425514459609985,0.7491378552400827,0.723280235998487,0.7288908421668091,525628000
2016-02-22,0.7688966393470764,0.7774345355385355,0.7518209051238179,0.7532845511177434,449668000
2016-02-23,0.7708485722541809,0.7781667477242274,0.7591394566062933,0.762798573421161,369380000
2016-02-24,0.776215136051178,0.7774348609431996,0.7464545349701223,0.7676772944457628,336852000
2016-02-25,0.777922511100769,0.7818255483619878,0.7640179881124088,0.7791422356897554,349616000
2016-02-26,0.7727998495101929,0.7835331589435127,0.7649937745625024,0.7815816692864265,361964000
2016-02-29,0.7677809596061707,0.7839396116928631,0.7672913388590419,0.7739016859178575,323344000
2016-03-01,0.8018119931221008,0.8018119931221008,0.7685153356275483,0.7697395040577666,348700000
2016-03-02,0.8064638376235962,0.8094017957280273,0.7959362322448176,0.7974052112970331,233812000
2016-03-03,0.7993637323379517,0.8089119777959424,0.7885912600510642,0.8054843995099168,302004000
2016-03-04,0.796915590763092,0.8062190274772515,0.7907948641675747,0.8054845379509264,175304000
2016-03-07,0.7917741537094116,0.7978948802247694,0.7814913588471033,0.7925086432261176,239968000
2016-03-08,0.7773292064666748,0.7883464896546614,0.7748809277995186,0.7836947426755944,274940000
2016-03-09,0.7768396735191345,0.7854086206364683,0.7668016889896622,0.7841845103503811,222788000
2016-03-10,0.7756154537200928,0.7858982479544561,0.7599464811875725,0.7814913111233416,286084000
2016-03-11,0.7888360023498535,0.7890808710431367,0.7778187790420229,0.78712221335467,277400000
2016-03-14,0.7907947301864624,0.7939774981374361,0.7814912366769808,0.7851636836863986,190312000
2016-03-15,0.7868775725364685,0.7917741302550767,0.7729223888755923,0.7866327621620097,226216000
2016-03-16,0.8103810548782349,0.8130742024623611,0.7773292613521308,0.781001708797952,363644000
2016-03-17,0.8035260438919067,0.8113605025846204,0.7925087579184642,0.8074433024240548,353680000
2016-03-18,0.8277637958526611,0.8385362100378974,0.8079326982965759,0.8130741242260027,545512000
2016-03-21,0.8302121162414551,0.8304569266027507,0.8116051862368927,0.8204190013307979,337780000
2016-03-22,0.8287432193756104,0.834619077229397,0.8184604243528023,0.8275191090763766,242012000
2016-03-23,0.8429429531097412,0.8490636190304914,0.8287429054396678,0.8324153516893602,429008000
2016-03-24,0.8441672325134277,0.845636211308379,0.8326603292389174,0.835353418115285,244956000
2016-03-28,0.8527362942695618,0.8564086831338655,0.8417190109335133,0.8426983107392231,265388000
2016-03-29,0.8664466142654419,0.8684052137584142,0.8471051961931888,0.8490637956861612,261812000
2016-03-30,0.8755051493644714,0.8875017305515343,0.8691396141071908,0.8696292931160428,376700000
2016-03-31,0.8723225593566895,0.8813811850782607,0.8654674020662803,0.879422585387164,379884000
2016-04-01,0.8850535750389099,0.8855432541156978,0.8603259199066774,0.8669362663996955,348292000
2016-04-04,0.8764845132827759,0.8970500992176788,0.8730569350841465,0.8923983525929312,393940000
2016-04-05,0.8752605319023132,0.8833398579134506,0.8652225477957527,0.8686501848698502,339568000
2016-04-06,0.8764845132827759,0.8769741923275358,0.8478396608960596,0.8642431208794116,453376000
2016-04-07,0.8674260377883911,0.8786881324089275,0.863753648622149,0.87085361657597,378104000
2016-04-08,0.8730572462081909,0.8801572738437882,0.8644882392863895,0.8745262254943951,255936000
2016-04-11,0.87844318151474,0.8928880422335961,0.8755052239544424,0.8781983128036724,387524000
2016-04-12,0.8774639964103699,0.8826053644409557,0.8603259862319407,0.8813811958403943,292764000
2016-04-13,0.8994985818862915,0.8997433922784622,0.8813812703193964,0.8813812703193964,350716000
2016-04-14,0.9019468426704407,0.9058641007237834,0.8933778370305299,0.897050284696656,416564000
2016-04-15,0.9090467691421509,0.9171260947463797,0.8987639751808862,0.9017019329902674,436972000
2016-04-18,0.905129611492157,0.9073330800925669,0.8963157954620927,0.9073330800925669,307320000
2016-04-19,0.8889709115028381,0.9102709317326991,0.8833398642916416,0.9085571423690617,309152000
2016-04-20,0.8923984169960022,0.8977846533908245,0.886522559892648,0.8875018596812791,200172000
2016-04-21,0.8914190530776978,0.8968052890850283,0.8875017958334176,0.8926431631325309,178280000
2016-04-22,0.8879916667938232,0.9004778722351833,0.8850537086327617,0.8943572038950728,223540000
2016-04-25,0.8923984169960022,0.8972949743107251,0.8857880704582828,0.8882363491156443,191972000
2016-04-26,0.8931329250335693,0.9080674660146457,0.8892156674258842,0.8977846720909184,214536000
2016-04-27,0.9134538173675537,0.9139434965507102,0.8892158360471204,0.8909296256307979,352396000
2016-04-28,0.8862779140472412,0.9132090444224035,0.8840745035616012,0.9078228066730546,381224000
2016-04-29,0.8698741793632507,0.8845638504523168,0.8603258756438885,0.882605250989067,321904000
2016-05-02,0.8813812136650085,0.8867674505475781,0.8740363770278169,0.8781984452850682,256076000
2016-05-03,0.8708534836769104,0.8750155513368882,0.8632638377524289,0.8713431627310814,224024000
2016-05-04,0.8510223031044006,0.8610602258815881,0.8422084902010276,0.8603257366086775,525764000
2016-05-05,0.8561639189720154,0.8662019030439811,0.849798382334079,0.8581225770606883,246884000
2016-05-06,0.8649777173995972,0.8671811858166002,0.852981133846897,0.8546949231584869,183240000
2016-05-09,0.8637537956237793,0.8708537647859389,0.8566537680900363,0.8671813749946954,333336000
2016-05-10,0.8804017901420593,0.8818707689375055,0.8608155618602831,0.869139697205725,269676000
2016-05-11,0.882850170135498,0.8926432854018229,0.8781984228725224,0.8830950388772562,328176000
2016-05-12,0.8708534836769104,0.8931328591393128,0.8551845127737764,0.8892156018206382,670540000
2016-05-13,1.0033060312271118,1.0037956521642617,0.9548300561535912,0.9594817469144885,2110256000
2016-05-16,1.0329298973083496,1.0478644989569432,0.9925332632243575,0.9957160318716768,973032000
2016-05-17,1.0351327657699585,1.042477539979526,1.015056808328106,1.0282774952997926,628392000
2016-05-18,1.0615750551223755,1.0735717012327084,1.0282783819967114,1.0282783819967114,541072000
2016-05-19,1.0662263631820679,1.0738160677831678,1.0559436279752616,1.0574124900821193,398880000
2016-05-20,1.0853230953216553,1.0897300323744508,1.071123042646968,1.0728368320436417,391084000
2016-05-23,1.0870367288589478,1.0941366958067245,1.0804263825991198,1.0899746864729003,413636000
2016-05-24,1.1134240627288818,1.1168606589845307,1.087404905532661,1.0903504925824774,415788000
2016-05-25,1.1087605953216553,1.1215246135819124,1.099923832241877,1.1168609029549585,458076000
2016-05-26,1.1205424070358276,1.1286427116184385,1.1075328304954608,1.110723863120316,309964000
2016-05-27,1.1266794204711914,1.1283976604053065,1.1180881037542987,1.1217701467956742,277416000
2016-05-31,1.1468071937561035,1.1492618886596668,1.1308520280218282,1.1315884833114151,412524000
2016-06-01,1.1490163803100586,1.160062155638605,1.137970487935223,1.1414069669769429,387132000
2016-06-02,1.1571167707443237,1.166935316454854,1.1438616286934402,1.1551529679651797,329208000
2016-06-03,1.140916109085083,1.147298175879218,1.1207881243013058,1.1458254992771602,461076000
2016-06-06,1.1350247859954834,1.152698188594781,1.129133612780292,1.1438614287719937,322512000
2016-06-07,1.137233853340149,1.1482797439730124,1.1367429612819724,1.1418976790316366,193400000
2016-06-08,1.1335525512695312,1.1416528599088498,1.124224894764538,1.1374799239840891,234616000
2016-06-09,1.1630077362060547,1.1647259757175497,1.1271700354848293,1.129624730241987,472168000
2016-06-10,1.1340432167053223,1.1595714853814238,1.1325704229704463,1.1492620462836034,400024000
2016-06-13,1.1485254764556885,1.1708627093216297,1.1352704512088265,1.1352704512088265,475588000
2016-06-14,1.150734782218933,1.1561349476113625,1.1330613753344394,1.1458255090313685,298344000
2016-06-15,1.162516713142395,1.1725807030114301,1.1475434513582494,1.1603075817467916,301036000
2016-06-16,1.1671807765960693,1.1691444623525629,1.1426344120241523,1.153925751431864,246456000
2016-06-17,1.1468071937561035,1.1688989797029918,1.1421433670763694,1.1686535336218946,471000000
2016-06-20,1.1674257516860962,1.182399010477049,1.164480165716605,1.1652166207321037,293768000
2016-06-21,1.1603071689605713,1.1755258713693866,1.1585888132076365,1.1723348399074796,212508000
2016-06-22,1.1593257188796997,1.1703716103155122,1.157362033457979,1.1627621976292806,202620000
2016-06-23,1.1902542114257812,1.1914815587755452,1.1696352207256324,1.1703716759540048,297880000
2016-06-24,1.1225061416625977,1.1625167742493319,1.1119512591611234,1.1414068922001024,1017684000
2016-06-27,1.1104788780212402,1.1217702199155601,1.0940326989422522,1.1131789026386631,449088000
2016-06-28,1.1266794204711914,1.13281592478085,1.111215144017838,1.1315886941467084,381920000
2016-06-29,1.145088791847229,1.1539255517920572,1.1335520083467134,1.1364975949949894,318932000
2016-06-30,1.1539257764816284,1.1610441813958083,1.1377251638078456,1.1470527006152498,430940000
2016-07-01,1.1453341245651245,1.1625166336157091,1.141406754120214,1.1475433728558704,218488000
2016-07-05,1.1622713804244995,1.1642350659727472,1.1298701592164115,1.1389522487694141,371084000
2016-07-06,1.1696354150772095,1.1765084911501755,1.148280082646481,1.154171257267222,273104000
2016-07-07,1.2000731229782104,1.204246058424506,1.1720902737180527,1.1774904398429753,395400000
2016-07-08,1.2481839656829834,1.254075140600426,1.2081733229690261,1.2128371502709498,481932000
2016-07-11,1.276903510093689,1.2862310494208715,1.264630265702607,1.26610305971139,448776000
2016-07-12,1.2960493564605713,1.3078315882235954,1.274939353859298,1.2911400834721194,436760000
2016-07-13,1.2955583333969116,1.305867888494998,1.293594647631757,1.2985039205677935,324604000
2016-07-14,1.3088135719299316,1.3205959225337456,1.2916311723765672,1.3024316214146239,316892000
2016-07-15,1.2935947179794312,1.299485892641566,1.2724848315018562,1.2921219243138975,428616000
2016-07-18,1.3002220392227173,1.3115133776292707,1.2953127667436195,1.3095496920468892,252992000
2016-07-19,1.3137227296829224,1.3188774486345822,1.2970311083037358,1.2994858032595535,382652000
2016-07-20,1.3309051990509033,1.338023721175451,1.3127409001593509,1.3181410654929735,296460000
2016-07-21,1.3063585758209229,1.3321322839550411,1.3019401957574588,1.327959349942945,361308000
2016-07-22,1.3419510126113892,1.3419510126113892,1.3014494824155765,1.3110225820115229,315768000
2016-07-25,1.366742491722107,1.369933524147533,1.3441598187185175,1.350050991518156,312528000
2016-07-26,1.3900617361068726,1.3971801396298942,1.376806713245368,1.3787703986607245,514508000
2016-07-27,1.376070499420166,1.4045443525990557,1.367724747156367,1.4020896576146036,446676000
2016-07-28,1.3790159225463867,1.3893253593436408,1.3748429883877162,1.379261368606376,221916000
2016-07-29,1.4015989303588867,1.405280856222509,1.3593791548473262,1.3841709684667287,409588000
2016-08-01,1.3925166130065918,1.4126447147188184,1.3834345221155575,1.4074899955028848,301120000
2016-08-02,1.375579595565796,1.399880513883369,1.3623245704919011,1.3991440585757648,282748000
2016-08-03,1.3792610168457031,1.3819611569095218,1.3662514426139032,1.3738608537643209,299828000
2016-08-04,1.4047895669937134,1.4111716324451244,1.3831887931061657,1.3858888166881842,272712000
2016-08-05,1.42859947681427,1.4293358149023447,1.4141171076657002,1.4209900646728124,371588000
2016-08-08,1.4418542385101318,1.4516727801898033,1.4266354169742663,1.4482363023065432,305064000
2016-08-09,1.445536732673645,1.4595282127579277,1.4418548073527322,1.4489732119126697,372344000
2016-08-10,1.436208963394165,1.460509879234643,1.4315451370757355,1.4583007476296126,375740000
2016-08-11,1.4654191732406616,1.4715557930684326,1.440872810975865,1.4438183978568984,681064000
2016-08-12,1.547404408454895,1.5557501614299503,1.4882476822528883,1.5194215621158718,1425744000
2016-08-15,1.5459314584732056,1.5586955912787488,1.5250670196215521,1.5491224916745914,573304000
2016-08-16,1.5366036891937256,1.5461766703012076,1.5319398631408971,1.5437220927738808,287652000
2016-08-17,1.5010114908218384,1.54004034306513,1.4889838137731812,1.5366038639083708,595212000
2016-08-18,1.524330973625183,1.5267855519950122,1.4929115277578677,1.4988027031195692,331684000
2016-08-19,1.5282578468322754,1.5397946306100443,1.516966509106715,1.52359402070147,291560000
2016-08-22,1.5346405506134033,1.536849800094643,1.5147580075602278,1.532922310487067,244748000
2016-08-23,1.5470590591430664,1.5571415979119365,1.5426325358072202,1.5502559731197327,339764000
2016-08-24,1.5232051610946655,1.553206996392884,1.5160736378475987,1.552469301130913,298448000
2016-08-25,1.5131224393844604,1.524434586201406,1.4941869734005653,1.5236968910286002,406032000
2016-08-26,1.5254180431365967,1.5340250716967228,1.5050069556803327,1.5170569129264786,300024000
2016-08-29,1.5244349241256714,1.537714378275769,1.5219758224092161,1.5315665653536232,274652000
2016-08-30,1.5155813694000244,1.5305822237502886,1.5114007457637377,1.5224669920838223,285544000
2016-08-31,1.508449912071228,1.5227130731001504,1.5040235068217542,1.5185325662243159,388544000
2016-09-01,1.5529608726501465,1.5586168872906259,1.508449981633305,1.509679590820187,428492000
2016-09-02,1.537713885307312,1.5578790757752539,1.5202539286580412,1.5561576699469881,323148000
2016-09-06,1.5522232055664062,1.5522232055664062,1.5352550427942693,1.5431243781603317,306812000
2016-09-07,1.5293524265289307,1.5549277273630902,1.520499500919696,1.5473042933232268,397988000
2016-09-08,1.5404188632965088,1.5428780812653724,1.5104171545529612,1.5278771096316317,315808000
2016-09-09,1.4636932611465454,1.532057934916034,1.4509056074541256,1.5234509054161292,697760000
2016-09-12,1.4939409494400024,1.4968919646387935,1.409591704194832,1.4442659568876441,598260000
2016-09-13,1.4723001718521118,1.5074662166688508,1.463939041403692,1.490252041796006,471768000
2016-09-14,1.4853336811065674,1.490251999894524,1.463447203541849,1.4757429418807562,319048000
2016-09-15,1.5416486263275146,1.5433700321729409,1.4843500849043845,1.4877930138572155,515212000
2016-09-16,1.545337200164795,1.5554197359795054,1.5276312292712204,1.5470586058584779,902444000
2016-09-19,1.5657488107681274,1.6048494753597524,1.5544366621733299,1.561568185679221,417128000
2016-09-20,1.5514851808547974,1.5837002107015759,1.5428781520925952,1.5837002107015759,331112000
2016-09-21,1.59501314163208,1.5979641578791197,1.5559124695138797,1.5561583679907947,336212000
2016-09-22,1.598947525024414,1.6092760804242596,1.5898486963588039,1.6043577597973853,308732000
2016-09-23,1.597225546836853,1.605586677182925,1.590094025522784,1.6009143739328622,276132000
2016-09-26,1.58222496509552,1.5886187924516246,1.5623057878378057,1.5790280514174677,230040000
2016-09-27,1.6363263130187988,1.6387855312535446,1.5753391782980453,1.5760768734112813,402752000
2016-09-28,1.6422287225723267,1.6434583319739227,1.6213258317932207,1.638785910057463,319788000
2016-09-29,1.657475233078003,1.6626395683415118,1.6242766050239543,1.6395233606372972,336684000
2016-09-30,1.6850180625915527,1.7014944283908247,1.6567376352245669,1.6665742750229977,429932000
2016-10-03,1.68329656124115,1.70936378603608,1.6803456630726272,1.6850180846272846,242596000
2016-10-04,1.6796075105667114,1.7140357433418518,1.6670657561569338,1.6857554385920512,281624000
2016-10-05,1.6778860092163086,1.7110847483049132,1.6727217921834947,1.6938705742668998,305440000
2016-10-06,1.6559995412826538,1.6680493810927208,1.6294405264120666,1.6577209469698062,360212000
2016-10-07,1.64395010471344,1.6714927216903122,1.6392776828655236,1.6670661982667063,286260000
2016-10-10,1.6500979661941528,1.6614101140791053,1.634605193482631,1.6525570675976642,287876000
2016-10-11,1.6262438297271729,1.647146716362184,1.6137020742937696,1.6446876153085268,388540000
2016-10-12,1.6336212158203125,1.6422282446023988,1.6060786064556636,1.6196039541506526,419920000
2016-10-13,1.6070621013641357,1.618128347555271,1.5664859435046163,1.6144396379122143,390116000
2016-10-14,1.6228010654449463,1.6378019223715505,1.6132103248044976,1.62673567415088,330636000
2016-10-17,1.6134562492370605,1.637801948810756,1.6112430464619931,1.6225551932516493,195328000
2016-10-18,1.6380479335784912,1.6473927764761935,1.6291950047494013,1.6358347306867174,269372000
2016-10-19,1.6346046924591064,1.642228127271129,1.6186201278187196,1.6269813749090483,199060000
2016-10-20,1.665590763092041,1.6710009977108242,1.6304248243800015,1.65378681737635,312084000
2016-10-21,1.6609184741973877,1.663869372708043,1.6451798015845067,1.6596888647484414,279508000
2016-10-24,1.7388736009597778,1.7408409053741598,1.6719843127748677,1.6722303284309072,339836000
2016-10-25,1.7674000263214111,1.7779744794049401,1.7275616672793832,1.7359228000192406,397460000
2016-10-26,1.7745317220687866,1.7939591053445392,1.7509237136622227,1.7526451199485547,333792000
2016-10-27,1.7381356954574585,1.7914995137547134,1.7310041733638926,1.7880567018983724,388664000
2016-10-28,1.7351850271224976,1.7730560798131039,1.7319881132242128,1.7464971749731981,290856000
2016-10-31,1.7499396800994873,1.7614977243346888,1.7398570260857344,1.7408407368286793,252388000
2016-11-01,1.6980512142181396,1.765924083117375,1.679361532668219,1.7563333439949633,473224000
2016-11-02,1.6909199953079224,1.7342012812695242,1.6879689798824955,1.7110851892070085,295848000
2016-11-03,1.6712464094161987,1.7002645270151995,1.638785480205381,1.69878901957271,309664000
2016-11-04,1.6616557836532593,1.690182106482202,1.6373100850751385,1.6601802761095565,328780000
2016-11-07,1.7526445388793945,1.7637107854866467,1.7091173647639202,1.710346973778497,487580000
2016-11-08,1.7499396800994873,1.7649405360420272,1.7337092150437612,1.7592844044785576,429884000
2016-11-09,1.7204296588897705,1.7435458647725968,1.6899361500657508,1.702477787863541,456532000
2016-11-10,1.6665741205215454,1.7583009012633843,1.6417366249223921,1.7580550028805193,869280000
2016-11-11,2.1633243560791016,2.1829976293300546,1.9304417553101256,1.9552793624621185,2175344000
2016-11-14,2.0568432807922363,2.1687351387527527,2.0563514840147272,2.1662759203412305,1348796000
2016-11-15,2.119551181793213,2.150536478362068,2.063973944466611,2.072826986853666,626092000
2016-11-16,2.253330707550049,2.276200786428079,2.1234869528132996,2.14783265682644,987984000
2016-11-17,2.272019863128662,2.3310396951683643,2.229230262102111,2.2700524415844194,832988000
2016-11-18,2.2958738803863525,2.3197275486151656,2.257510917269946,2.2720199776335623,576060000
2016-11-21,2.286529302597046,2.3202198484175747,2.272266021710805,2.313826020491606,436436000
2016-11-22,2.3030054569244385,2.305218659860533,2.2717741311008957,2.294398426326296,330368000
2016-11-23,2.3143346309661865,2.3458588638190414,2.2847805305493845,2.3081773799157412,443236000
2016-11-25,2.319014549255371,2.3421652545106575,2.300543026985047,2.3254179508073753,195564000
2016-11-28,2.3177826404571533,2.3332984906159417,2.305221989007082,2.3118717732894862,278736000
2016-11-29,2.296602487564087,2.3259104447057815,2.2788701177295243,2.3150737746470105,444568000
2016-11-30,2.270742893218994,2.319014674064773,2.268279992133709,2.3052225689122827,440500000
2016-12-01,2.158435821533203,2.2700026383031786,2.0877522931375583,2.2682786555343832,1035524000
2016-12-02,2.178385019302368,2.1870049334887605,2.0963722902574684,2.124202399577127,478292000
2016-12-05,2.2628610134124756,2.2808397634485624,2.1919310794721283,2.2163132295844283,602284000
2016-12-06,2.3000502586364746,2.30842402706965,2.2552264523547594,2.270988688015648,498796000
2016-12-07,2.341425657272339,2.347090139918459,2.2682792113199675,2.286504344252161,480804000
2016-12-08,2.3022665977478027,2.3795999357170454,2.2916765483257557,2.344381350935324,381544000
2016-12-09,2.2613837718963623,2.32172343162761,2.2340461839716776,2.319999448060293,382312000
2016-12-12,2.2064616680145264,2.215327967692655,2.1559733889551813,2.212865067525105,601332000
2016-12-13,2.245374917984009,2.2729588870646413,2.217791183778497,2.2187762500358024,387796000
2016-12-14,2.375413179397583,2.3916679462356827,2.255226176541522,2.2791157936937454,983980000
2016-12-15,2.431072950363159,2.4613659618631987,2.3791068422462085,2.3864953071638806,746548000
2016-12-16,2.4729413986206055,2.4800834798520044,2.4069370403738763,2.4586567664076604,1089528000
2016-12-19,2.502987861633301,2.523183123731566,2.4382149576823897,2.4554550218029108,744656000
2016-12-20,2.59017276763916,2.6138159976315287,2.5643127866591597,2.575641986053991,848056000
2016-12-21,2.6064276695251465,2.6093831027891796,2.5542154066523817,2.601748253096685,576136000
2016-12-22,2.6379518508911133,2.6812978093128472,2.62366721917112,2.6308095350311165,718612000
2016-12-23,2.703709602355957,2.705187436274502,2.617263834123224,2.619972883140467,647692000
2016-12-27,2.889408826828003,2.89039389308038,2.7391751842099112,2.7598632196356623,1194272000
2016-12-28,2.690657615661621,2.9536893641529187,2.676865746833463,2.94556197932559,2295764000
2016-12-29,2.744347333908081,2.7458251682692296,2.531803890181934,2.583523630194533,2175368000
2016-12-30,2.628840446472168,2.756415953590967,2.6180040103159126,2.7423776989878674,1212932000
2017-01-03,2.512347936630249,2.6197279338443606,2.447575000621117,2.5712097691331226,1501996000
2017-01-04,2.57096266746521,2.5983002485996165,2.500525272978127,2.546580519551422,1199220000
2017-01-05,2.505697011947632,2.6061810283839777,2.4887033310751074,2.5744104175245286,984296000
2017-01-06,2.5391929149627686,2.567515571816398,2.4923987354979165,2.5330356624673054,822856000
2017-01-09,2.642138719558716,2.6598713187177117,2.549043396036783,2.549043396036783,916248000
2017-01-10,2.622189521789551,2.6891787063947774,2.6015014919408315,2.6551915810987516,880920000
2017-01-11,2.5899269580841064,2.615540560787785,2.5650522725401848,2.6106149944313786,525664000
2017-01-12,2.547565221786499,2.578597148733022,2.5027414316971006,2.567021801470244,625616000
2017-01-13,2.5473196506500244,2.585986199983735,2.5382069662560083,2.5515062994289135,457820000
2017-01-17,2.4901816844940186,2.541655035990982,2.476882350781287,2.5367294699261373,580612000
2017-01-18,2.5354974269866943,2.5423933587905356,2.4409242788732026,2.468754390028017,654424000
2017-01-19,2.5899269580841064,2.6219439614637046,2.5362370869361115,2.538453603540251,644872000
2017-01-20,2.561602830886841,2.6303162153069364,2.5396835917259484,2.612583622932398,492024000
2017-01-23,2.588202476501465,2.6081515918495644,2.553968963106325,2.5564318632480822,369904000
2017-01-24,2.6433701515197754,2.649527401827975,2.5835230407995584,2.5983002066641543,428052000
2017-01-25,2.6546993255615234,2.6918882715141215,2.6187418296586897,2.685731021265299,522760000
2017-01-26,2.7005083560943604,2.7078968219805355,2.627854442734199,2.657408541153996,458800000
2017-01-27,2.752720594406128,2.755676027708006,2.6808055987689814,2.70740426361079,471996000
2017-01-30,2.709620952606201,2.7340031027447314,2.6576550697251435,2.731786586345794,496004000
2017-01-31,2.6889328956604004,2.7103596102576457,2.6647968969459166,2.68326841321086,362756000
2017-02-01,2.8064112663269043,2.8105979157257988,2.705680834102214,2.7234132026670577,590004000
2017-02-02,2.8418757915496826,2.8504959434785166,2.759863270099294,2.7904024383574564,483240000
2017-02-03,2.8170013427734375,2.8544366826874352,2.8051798419125515,2.8433538641536935,372744000
2017-02-06,2.889162063598633,2.8896545966601717,2.807641852599165,2.807641852599165,506768000
2017-02-07,2.9339866638183594,2.9780715557108857,2.903693640925695,2.923396378032685,746224000
2017-02-08,2.9211783409118652,2.9384181681893895,2.8662568077812756,2.916006392728608,449580000
2017-02-09,2.8662567138671875,2.932261058049249,2.847046755458815,2.9273352590599058,842568000
2017-02-10,2.7982828617095947,2.972651989386994,2.7731618000982117,2.9536881773678916,1651092000
2017-02-13,2.6692302227020264,2.8071493459861254,2.6647969553562283,2.792618563595919,1180724000
2017-02-14,2.6790812015533447,2.712822177899903,2.6177562636104885,2.6596246215624206,850632000
2017-02-15,2.684499979019165,2.7042027130582875,2.6539608117210602,2.6820373134206124,373020000
2017-02-16,2.6414005756378174,2.69533683137194,2.60224125400544,2.694105381050939,647176000
2017-02-17,2.6409077644348145,2.6453410324929676,2.580814492953246,2.627854814020838,563740000
2017-02-21,2.735480785369873,2.7394212848468977,2.6652895374583605,2.665535921433529,551952000
2017-02-22,2.7312889099121094,2.756934837251335,2.7123009241869833,2.7475641918641918,433772000
2017-02-23,2.4780354499816895,2.623526675445684,2.4580613903308977,2.6015797617386776,1592888000
2017-02-24,2.5019547939300537,2.5152709098320987,2.3599159107462406,2.3936994727247347,1029904000
2017-02-27,2.574700117111206,2.589742390211049,2.5044205326287794,2.520202655191157,715400000
2017-02-28,2.502448081970215,2.5941816694333446,2.485186492875425,2.584317635468878,625360000
2017-03-01,2.534752130508423,2.573714170228552,2.4933240823470366,2.5594115094064676,504804000
2017-03-02,2.4412918090820312,2.5359845354071733,2.438579341540583,2.521928572819623,754332000
2017-03-03,2.427236557006836,2.4356206561275187,2.3727388544506502,2.430688874616205,864692000
2017-03-06,2.408496379852295,2.4191000324698813,2.346847553935007,2.390988088833938,883568000
2017-03-07,2.4348807334899902,2.454361869562133,2.395672236793355,2.4084951975778943,603400000
2017-03-08,2.4304416179656982,2.4980087258058594,2.4282223050399816,2.483212914348675,638712000
2017-03-09,2.4299495220184326,2.452389591068459,2.4018375855889413,2.4144140895991835,478060000
2017-03-10,2.444251537322998,2.468171301710419,2.426003639357394,2.456334884558232,499740000
2017-03-13,2.5115723609924316,2.521436160157066,2.453869030052136,2.4546088796616523,774136000
2017-03-14,2.5098469257354736,2.533766463349011,2.477542815415587,2.5243960513364323,522016000
2017-03-15,2.528834342956543,2.5396844531690217,2.4738434718267652,2.52143655122856,615036000
2017-03-16,2.559905529022217,2.5603989190143857,2.525382339865675,2.539438310524376,523100000
2017-03-17,2.6156349182128906,2.616867922219113,2.559904218920394,2.5774124995344025,1119688000
2017-03-20,2.6989846229553223,2.7029303308721824,2.617115064010705,2.6331438850976854,748568000
2017-03-21,2.6116902828216553,2.7115615317565944,2.603799336150178,2.681723434010165,913484000
2017-03-22,2.6649539470672607,2.6696392683004895,2.596646982045993,2.600592453828851,616764000
2017-03-23,2.6407880783081055,2.6770376522028165,2.6311709740019813,2.657063358804258,533940000
2017-03-24,2.650158405303955,2.695038768755006,2.624266023604212,2.687147824381226,439500000
2017-03-27,2.6693942546844482,2.6733397289522745,2.55423423997142,2.6035532562482975,506644000
2017-03-28,2.655583381652832,2.6851747736400724,2.64522642973302,2.6706256549418184,432444000
2017-03-29,2.6469528675079346,2.675311258423002,2.6447335540298735,2.662981451668602,349992000
2017-03-30,2.69775128364563,2.7125470985678235,2.6484322925241512,2.654103923589534,525532000
2017-03-31,2.686161994934082,2.7098353046995607,2.6730925707416526,2.6881348491383914,440808000
2017-04-03,2.6725990772247314,2.7039166345298775,2.648925770459905,2.6866550443234654,445232000
2017-04-04,2.4851863384246826,2.5749470664821166,2.4743362309782064,2.5497942988132642,1271280000
2017-04-05,2.4666919708251953,2.5243953012588425,2.4536223135817603,2.4664452759003486,747048000
2017-04-06,2.484693765640259,2.496776880085206,2.4267437319877456,2.4718708014864013,635120000
2017-04-07,2.474090099334717,2.5086135184099367,2.4590478213236113,2.4911052314995543,429068000
2017-04-10,2.410961389541626,2.4814874440586316,2.406769222201983,2.4748295034352377,756332000
2017-04-11,2.4195923805236816,2.4388268247285505,2.3759450150401173,2.380876797179773,618148000
2017-04-12,2.399618148803711,2.4338948704205254,2.3944396715958356,2.4195924431566125,414092000
2017-04-13,2.3547370433807373,2.3971513924052643,2.3547370433807373,2.37545118092297,506892000
2017-04-17,2.4469642639160156,2.4472107236583884,2.3623820083231806,2.3675604849711283,497292000
2017-04-18,2.4484434127807617,2.4546084331193194,2.4067689100466234,2.432661289954126,370116000
2017-04-19,2.4580605030059814,2.4901176648536105,2.451402328744863,2.465951446039238,380828000
2017-04-20,2.497023105621338,2.5017084276110357,2.4514028899502294,2.472610186360758,404016000
2017-04-21,2.507380723953247,2.510093192866689,2.474830156305652,2.486666576704686,341896000
2017-04-24,2.5386979579925537,2.5517673812504866,2.5179840486004146,2.5389444177682456,371820000
2017-04-25,2.582838535308838,2.5973876582157707,2.531793375244113,2.5532471347615835,388440000
2017-04-26,2.5650837421417236,2.5988670748907654,2.563110888072699,2.596401301268912,327004000
2017-04-27,2.6050314903259277,2.6134155890311828,2.554479497689416,2.572480934381023,319700000
2017-04-28,2.571988105773926,2.605031820516705,2.5663162391165133,2.598127184764917,348248000
2017-05-01,2.6296911239624023,2.6348698357973883,2.5756868086105813,2.582838139076504,307732000
2017-05-02,2.551767349243164,2.604045747133782,2.5290805860723444,2.6028127427561625,629972000
2017-05-03,2.5707552433013916,2.580372347865678,2.5300670409687736,2.544862622632527,336904000
2017-05-04,2.560891628265381,2.588017020050486,2.5530004469943095,2.576920215417591,209788000
2017-05-05,2.5611371994018555,2.568288528503671,2.5337651221609567,2.549300784359484,228428000
2017-05-08,2.534259080886841,2.5744538913219635,2.522915582689832,2.572974427298798,365240000
2017-05-09,2.5384514331817627,2.5875239765608122,2.531546796254942,2.539931132621257,847672000
2017-05-10,2.990953207015991,3.0040228640439013,2.8116786676084446,2.818336608411273,2129096000
2017-05-11,3.119429349899292,3.2163414172217157,2.956923241897575,2.9603755598280643,1939792000
2017-05-12,3.1537058353424072,3.195873732155107,3.101674375321812,3.1226349762744743,962620000
2017-05-15,3.3120200634002686,3.314486071835775,3.1904486225535935,3.194887484771807,1087540000
2017-05-16,3.373668909072876,3.389204574290333,3.288593733436165,3.3630652607934084,1120700000
2017-05-17,3.149514675140381,3.325583625189048,3.145322506888173,3.3068423331238104,1271368000
2017-05-18,3.2814431190490723,3.2903206103718676,3.132992716254951,3.1934085259007015,1156032000
2017-05-19,3.357227325439453,3.412028917605536,3.337972622898152,3.382653307399963,1018372000
2017-05-22,3.4288153648376465,3.4431328559892673,3.390059003691619,3.400920776004517,836608000
2017-05-23,3.382652521133423,3.4507844753461754,3.35006768370207,3.4485628246884312,681248000
2017-05-24,3.4206695556640625,3.482383300865581,3.4085734789192226,3.479667739758329,815996000
2017-05-25,3.413015842437744,3.4567091702992405,3.3680882118468123,3.455968541577744,608228000
2017-05-26,3.5013904571533203,3.586308522235257,3.384628176520461,3.4048702268931708,779140000
2017-05-30,3.5761876106262207,3.611240825457789,3.5312599722475344,3.547305439673172,989652000
2017-05-31,3.5633511543273926,3.628767562609346,3.506574395839371,3.6211150255864966,887316000
2017-06-01,3.5635979175567627,3.5801372947536505,3.5181766043745957,3.579149711131973,503340000
2017-06-02,3.5458247661590576,3.586802544981775,3.5399002056157345,3.560635932098128,487456000
2017-06-05,3.653700351715088,3.6665368215580196,3.5179303054630924,3.529532472195829,817376000
2017-06-06,3.637160301208496,3.6951711204099515,3.62383016052857,3.6490091843577703,758728000
2017-06-07,3.681100845336914,3.6998618737835245,3.6460476297994067,3.66159942344473,612612000
2017-06-08,3.9481968879699707,3.949677909835027,3.747010037603026,3.7882347555864526,1161744000
2017-06-09,3.692949056625366,4.159504869934035,3.5238533582990974,4.066687569589588,3692928000
2017-06-12,3.702083110809326,3.744789094140168,3.5080553201232703,3.60111958766128,1697532000
2017-06-13,3.7373836040496826,3.8205736864016018,3.5954418355560147,3.811439892318658,1672504000
2017-06-14,3.745283603668213,3.8030477177421225,3.665796414111227,3.740346626665421,1184640000
2017-06-15,3.7613282203674316,3.7916911733850105,3.6164241852393046,3.6277796292730087,963824000
2017-06-16,3.742814540863037,3.818846002036296,3.7087486738998834,3.770956083229412,924960000
2017-06-19,3.883521318435669,3.8887052486620126,3.7832981965546715,3.78700086933396,778176000
2017-06-20,3.8778438568115234,3.992631432543005,3.8736475096138614,3.925733771669151,1095444000
2017-06-21,3.936596155166626,3.940299064523705,3.843531865849125,3.9054925640764564,682652000
2017-06-22,3.9094414710998535,3.9580720162511627,3.8854965129334693,3.944741639194244,469132000
2017-06-23,3.797370195388794,3.9328935247392827,3.7823118384216277,3.917094774227908,1088588000
2017-06-26,3.7558975219726562,3.8657478824266187,3.6615989531666204,3.8302007619319376,1063960000
2017-06-27,3.6184000968933105,3.7470115118331533,3.612722491048065,3.7383716256731625,999492000
2017-06-28,3.7460241317749023,3.750714389281881,3.597911058970328,3.6860383678935507,994948000
2017-06-29,3.620867967605591,3.7205971880749567,3.5566856328545775,3.717635143781089,1064424000
2017-06-30,3.5685343742370605,3.6517244458796747,3.5423677690555087,3.638147351582556,731060000
2017-07-03,3.439429998397827,3.595442322716252,3.4209159238220406,3.580631157223315,709072000
2017-07-05,3.531259059906006,3.56014098797786,3.483862827885903,3.502870570380964,820188000
2017-07-06,3.541874885559082,3.5887774601242084,3.4500449038263175,3.5021314099877094,746284000
2017-07-07,3.62284255027771,3.6411099020326403,3.5756932664994516,3.598650874701492,654972000
2017-07-10,3.7941601276397705,3.801565709391666,3.6702389924243466,3.6964056010056305,958492000
2017-07-11,3.8479747772216797,3.8556273140612873,3.755897851233537,3.7978632087661404,757956000
2017-07-12,4.011639595031738,4.023735434661442,3.8647610715468845,3.9077137794511043,1145208000
2017-07-13,3.9652302265167236,4.105196816705812,3.9188215727005837,4.023734717807618,1369132000
2017-07-14,4.071872234344482,4.073353021138416,3.974611144353068,3.9815230521861222,941948000
2017-07-17,4.054592609405518,4.134820661318736,3.9928788681918053,4.105938487295821,930792000
2017-07-18,4.096804618835449,4.111369063595945,3.981769847573701,3.993618967181972,776640000
2017-07-19,4.0755743980407715,4.132350911239097,4.063478560845201,4.105937350677234,687044000
2017-07-20,4.134819984436035,4.135066703759019,4.0461992511293134,4.096063862999431,699596000
2017-07-21,4.149631023406982,4.179253820619241,4.100013132350442,4.114330856906233,648332000
2017-07-24,4.101493835449219,4.166416790385443,4.090879256253913,4.156789559157338,652524000
2017-07-25,4.0817461013793945,4.096063826236807,4.038052768844848,4.078536866855796,496556000
2017-07-26,4.128894805908203,4.194805109822197,4.094088082210364,4.1392626659802545,640404000
2017-07-27,3.992631435394287,4.165430068251083,3.8894460239056605,4.1538276685070565,782856000
2017-07-28,4.058047771453857,4.082486637971622,3.931905223564299,3.956837293293264,513348000
2017-07-31,4.011639595031738,4.107666154035201,3.964984213602879,4.071625354490812,559672000
2017-08-01,4.060515880584717,4.0622438572565684,3.9743637662771585,4.0022581123118135,431384000
2017-08-02,4.058047771453857,4.095569824252888,3.9810294404958313,4.091620431856183,478444000
2017-08-03,4.109641075134277,4.113343748437121,4.040521524837894,4.05755457537244,442420000
2017-08-04,4.127660751342773,4.198261076099731,4.109640355804226,4.132350771982898,589096000
2017-08-07,4.254545211791992,4.255038650488797,4.147162969591974,4.156790674241093,717412000
2017-08-08,4.203938961029053,4.309098820603174,4.164688935446244,4.292559682282989,755336000
2017-08-09,4.248620986938477,4.251089593132724,4.139017320274046,4.157778350679534,530784000
2017-08-10,4.066688060760498,4.262197106378586,4.056566918940891,4.2498540782430725,1328088000
2017-08-11,3.8499486446380615,3.924992503788345,3.7746580662088394,3.8790775280556766,1497196000
2017-08-14,4.157037258148193,4.1607399316074005,3.929930692827564,3.9415328581435687,1279020000
2017-08-15,4.121983051300049,4.188386796236431,4.087670235746357,4.162220425804727,764532000
2017-08-16,4.076808929443359,4.160492922158325,4.044471277088399,4.137041873821179,596632000
2017-08-17,3.985966444015503,4.085448951857538,3.9837450283553673,4.06841637205563,525444000
2017-08-18,3.9867074489593506,4.057308264011262,3.9407924591174415,4.040275211764015,601204000
2017-08-21,3.9286961555480957,4.02250105610042,3.884756102823752,4.011145846221258,623672000
2017-08-22,4.016158580780029,4.0220883553118085,3.9459902104911024,3.9652618599061733,450456000
2017-08-23,4.096457481384277,4.107575750385812,3.974156522367391,3.982804483815582,579520000
2017-08-24,4.081387042999268,4.133025533734468,4.054950691819155,4.128577847855508,469700000
2017-08-25,4.047291278839111,4.115730408191513,4.040867158068103,4.10560035390061,357200000
2017-08-28,4.075949668884277,4.079161727848846,4.010722628772191,4.066313963243351,389496000
2017-08-29,4.069279193878174,4.091021857846429,4.0089937018585164,4.017147318659824,324096000
2017-08-30,4.093493938446045,4.1046122104593845,4.058656560470116,4.08904625263831,384400000
2017-08-31,4.186392307281494,4.190345176800284,4.106341044490912,4.113752910465106,612684000
2017-09-01,4.211592674255371,4.247171320467582,4.190344355371925,4.198992316068106,445432000
2017-09-05,4.099175453186035,4.1651437905558195,4.041113796992022,4.160202232634188,695364000
2017-09-06,4.096704006195068,4.1458716983678245,4.061867112409928,4.132035715445746,397672000
2017-09-07,4.115731239318848,4.1480973725181,4.0754584218427645,4.113507396006035,352868000
2017-09-08,4.044325351715088,4.118941179197713,4.020112377855504,4.104116976809606,498856000
2017-09-11,4.1755218505859375,4.186146249968211,4.084599235016312,4.09003513862574,567444000
2017-09-12,4.190593242645264,4.200228952676591,4.125366172813205,4.200228952676591,411488000
2017-09-13,4.209371089935303,4.2382782220920125,4.133025742695319,4.165391872097432,580960000
2017-09-14,4.185403823852539,4.263478646920825,4.145872303659956,4.170332213824653,513712000
2017-09-15,4.450019359588623,4.450019359588623,4.265703342074295,4.270891838038011,1364792000
2017-09-18,4.633841514587402,4.724023333102845,4.567379277770578,4.574297273108343,1684460000
2017-09-19,4.628898620605469,4.690666681318099,4.561447721116184,4.58343732415095,874280000
2017-09-20,4.591590881347656,4.6800427031894,4.551318075770664,4.6326049678098995,724920000
2017-09-21,4.4660773277282715,4.514009396863633,4.3882494495057,4.487819520131313,1075600000
2017-09-22,4.422593116760254,4.504374347008947,4.41271047195476,4.4547127726971585,491232000
2017-09-25,4.224936485290527,4.392945727118329,4.204182502271262,4.39171010169879,874580000
2017-09-26,4.248653411865234,4.414686151731882,4.208874960414165,4.359589155761579,1125620000
2017-09-27,4.341801166534424,4.355143280780073,4.268173544130083,4.339083450624045,713720000
2017-09-28,4.340564727783203,4.352918149629695,4.293126532286321,4.348964809587343,435244000
2017-09-29,4.416913032531738,4.440631675078313,4.3793579260998845,4.424572310060686,619092000
2017-10-02,4.422593116760254,4.496220729135472,4.373178950226963,4.467066196517253,503480000
2017-10-03,4.431734561920166,4.461630372736711,4.387508422581414,4.428769438862462,390332000
2017-10-04,4.468796253204346,4.491032795861929,4.401345344309282,4.437912218541366,427848000
2017-10-05,4.466324329376221,4.496714483138764,4.436428519852867,4.493255487222981,437364000
2017-10-06,4.479419708251953,4.492761820942074,4.422593203559563,4.43865303184321,318800000
2017-10-09,4.580471038818359,4.613578903232113,4.497454676951003,4.516232215424142,563492000
2017-10-10,4.667935848236084,4.767258996502951,4.6266748284715415,4.729703909620547,974876000
2017-10-11,4.717597007751465,4.719079569275185,4.638533971528474,4.684489137487975,529508000
2017-10-12,4.719821453094482,4.770718183134275,4.692643354200425,4.721056607020154,528292000
2017-10-13,4.8077802658081055,4.817910321580221,4.735141319180183,4.782084721472864,628728000
2017-10-16,4.89030122756958,4.8932663511520404,4.774424367618072,4.837674996510432,576640000
2017-10-17,4.885854244232178,4.914267499890443,4.851264275822633,4.869547477517253,478596000
2017-10-18,4.881653785705566,4.895489772557074,4.776401322512898,4.89474896290685,567316000
2017-10-19,4.887089729309082,4.892030816616546,4.7549061009619455,4.804073336255185,570772000
2017-10-20,4.864851951599121,4.93131415372265,4.855957054198643,4.904136531048056,451620000
2017-10-23,4.857935905456543,4.913032924845821,4.837675795141583,4.886596101051651,428696000
2017-10-24,4.90883207321167,4.910561571633958,4.8411342269299515,4.867076703264284,407244000
2017-10-25,4.784801483154297,4.9221740789230175,4.72328082224001,4.8693004386765075,828160000
2017-10-26,4.834958076477051,4.846570222411634,4.788508550232655,4.81247459437247,322744000
2017-10-27,4.987401962280273,4.987648898874799,4.861147617027466,4.887090568296959,572192000
2017-10-30,5.036320209503174,5.091911080728779,4.9715870329829315,4.987399922372704,504056000
2017-10-31,5.109700679779053,5.136384431355318,5.062509888067281,5.06819272649439,411908000
2017-11-01,5.11933708190918,5.1877762038155035,5.055098237453148,5.172457655762187,502576000
2017-11-02,5.088207244873047,5.134409835853627,5.031627661854437,5.089689806950778,342308000
2017-11-03,5.1561503410339355,5.1561503410339355,5.0733813685584845,5.119336536570103,353640000
2017-11-06,5.179375648498535,5.188023139938753,5.106983656941007,5.119337081497623,389944000
2017-11-07,5.238673210144043,5.260168942857903,5.1900003189786466,5.202106807631671,427700000
2017-11-08,5.167763710021973,5.237932332997157,5.120325973487224,5.234225928480643,522988000
2017-11-09,5.072886943817139,5.097841197671568,4.950586453404714,5.0716517900137195,978564000
2017-11-10,5.340218544006348,5.402727873924595,5.228788930402446,5.264614512060595,1253256000
2017-11-13,5.25349760055542,5.365668052544901,5.2381790525297,5.340219922601601,582376000
2017-11-14,5.291792869567871,5.307111415770465,5.218906542476741,5.262638338731419,529292000
2017-11-15,5.188024520874023,5.2379335192245735,5.134163123067667,5.236697893688253,501948000
2017-11-16,5.228296756744385,5.292288674591573,5.219402327382735,5.262145918140411,441768000
2017-11-17,5.222118377685547,5.320700235217757,5.207047239894067,5.285368994367231,515664000
2017-11-20,5.289322853088379,5.301429340309361,5.200870567162747,5.237684373126776,396100000
2017-11-21,5.337996482849121,5.349609098641241,5.297229801803388,5.329102054212627,399176000
2017-11-22,5.314013481140137,5.365193152713851,5.28137729185322,5.365193152713851,356640000
2017-11-24,5.364203929901123,5.36519330549101,5.30585434911568,5.330331727568049,180752000
2017-11-27,5.294482707977295,5.3740953974879755,5.291268415373265,5.3728593850297655,422896000
2017-11-28,5.2096757888793945,5.309067938178098,5.148606612255148,5.299672643960498,512752000
2017-11-29,4.856366157531738,5.195090135816489,4.728046286792786,5.192370531344146,1396788000
2017-11-30,4.962431907653809,5.011139078507819,4.862051325885064,4.925098310374441,823768000
2017-12-01,4.88751745223999,4.948092416769816,4.758703399712723,4.927818235369389,811548000
2017-12-04,4.615056037902832,4.95229689245237,4.561651438432922,4.946115415933538,1240844000
2017-12-05,4.641757965087891,4.764391036134261,4.464731394736774,4.5097295975202885,981488000
2017-12-06,4.6793389320373535,4.7010962364242666,4.570056779114417,4.59131986725412,467032000
2017-12-07,4.7468366622924805,4.786643238070649,4.700601973656601,4.7460948662742,542600000
2017-12-08,4.734474182128906,4.815817554199501,4.726067790198137,4.796779382504386,466876000
2017-12-11,4.812849521636963,4.815816704891776,4.732742647461524,4.748566052886191,372748000
2017-12-12,4.718401908874512,4.792575352576458,4.69491391107137,4.7693344628273815,455016000
2017-12-13,4.60318660736084,4.7606807453163915,4.5957691211243015,4.759444733400443,554280000
2017-12-14,4.61035680770874,4.681315968660733,4.564122130873634,4.5967583178654365,438164000
2017-12-15,4.736204147338867,4.75647832807582,4.589341305778412,4.654366571722239,670036000
2017-12-18,4.8929572105407715,4.895923922423342,4.747083265756866,4.776752270903908,477704000
2017-12-19,4.848700523376465,4.8887542005836515,4.820267529206182,4.883562100906826,373100000
2017-12-20,4.865760326385498,4.897160031984308,4.810130351151754,4.888012316478996,288820000
2017-12-21,4.843259334564209,4.894191406501399,4.834852946645796,4.869219822329756,300904000
2017-12-22,4.827932357788086,4.837327653596999,4.728540191654981,4.806422162148274,466276000
2017-12-26,4.881583213806152,4.889247808315259,4.742632080347197,4.772548662582061,355080000
2017-12-27,4.874908447265625,4.944136919044374,4.853645830964917,4.868233226946771,329488000
2017-12-28,4.8805952072143555,4.929549494895069,4.874414203172018,4.898644003102996,240248000
2017-12-29,4.784170627593994,4.906803701057465,4.784170627593994,4.906803701057465,279964000
2018-01-02,4.928807735443115,4.932516715160278,4.808894747076867,4.840541563460769,355616000
2018-01-03,5.25319242477417,5.283603703894302,5.037595752883847,5.046249253874023,914704000
2018-01-04,5.280883312225342,5.39115437359114,5.258631319129386,5.3345354867372725,583268000
2018-01-05,5.325634479522705,5.3629680828282424,5.218824826340431,5.2957178923070725,580124000
2018-01-08,5.488814353942871,5.562987329706851,5.4042567088548665,5.449255370658045,881216000
2018-01-09,5.487331390380859,5.533813177481108,5.405740919070777,5.494254189668967,497000000
2018-01-10,5.530351638793945,5.533813038350973,5.340468407753612,5.394861896732671,582664000
2018-01-11,5.540241241455078,5.5943876186336485,5.518730578162215,5.5629874451045715,406032000
2018-01-12,5.5130462646484375,5.562742356684738,5.472498361955783,5.528375459081376,359916000
2018-01-16,5.442085266113281,5.625045690898898,5.357528088354495,5.539499609245316,702348000
2018-01-17,5.556064128875732,5.565953638190663,5.362719529545396,5.456671990148342,538408000
2018-01-18,5.5491437911987305,5.603537295497849,5.505628704811164,5.536781309598622,408632000
2018-01-19,5.689329624176025,5.713559422106991,5.612437034801993,5.639386436560671,609380000
2018-01-22,5.777843952178955,5.77957465234744,5.639634575263648,5.6972423686919855,550944000
2018-01-23,5.906905651092529,5.929651861577462,5.812705573777624,5.831248587885473,475228000
2018-01-24,5.830010890960693,5.945968241091196,5.774380921550895,5.910117763962626,579972000
2018-01-25,5.8436102867126465,5.927673259841734,5.828775783095857,5.88440528955391,409884000
2018-01-26,6.016184329986572,6.016431438008435,5.874513622727189,5.887370313566964,516356000
2018-01-29,6.103216171264648,6.1343692416548095,5.948936297458724,6.001599091386767,455116000
2018-01-30,6.001102924346924,6.092583361762932,5.894540879044813,5.961296835679718,570832000
2018-01-31,6.077255725860596,6.163049398979866,6.043877739021248,6.0765139299423385,478576000
2018-02-01,5.946217060089111,6.10445351544911,5.885889662010215,5.897262767238775,519224000
2018-02-02,5.773640155792236,5.883664102289417,5.715538152114375,5.8596814105670205,718464000
2018-02-05,5.283602237701416,5.766469345279941,5.068499841798066,5.612436598818274,1165204000
2018-02-06,5.577328205108643,5.580294916958085,5.043775618806802,5.0536656014656005,1114800000
2018-02-07,5.656940937042236,5.809490585917517,5.6050199378609165,5.6762262164384225,802932000
2018-02-08,5.378049850463867,5.815671222543195,5.377802270783136,5.782540817038322,1144000000
2018-02-09,5.738036632537842,5.90640967265506,5.378049659025071,5.890586266347382,1674604000
2018-02-12,5.637903213500977,5.8221001489184845,5.5637302231040735,5.8191329652176,1093172000
2018-02-13,5.751636981964111,5.7978716753736474,5.56917070478204,5.601559795301957,625524000
2018-02-14,5.968963146209717,5.997890830054303,5.700209014444962,5.711335010417466,744988000
2018-02-15,6.094562530517578,6.140797211441129,5.971435258371617,6.052283937171471,698900000
2018-02-16,6.028796195983887,6.181098264824366,6.019648008328298,6.067366283110178,637656000
2018-02-20,6.158351421356201,6.227332304874108,6.047585691623006,6.0512946708736575,686240000
2018-02-21,5.971187114715576,6.229804585103552,5.967478607173479,6.222881786182141,892292000
2018-02-22,5.990732669830322,6.076826925310267,5.925172459586742,6.005081869701464,534364000
2018-02-23,6.084249019622803,6.084249019622803,5.999886539765119,6.050603026730384,415300000
2018-02-26,6.1003289222717285,6.134964427706314,6.037984540616104,6.130511358703777,469312000
2018-02-27,6.087464809417725,6.157973078877785,6.0644567335614035,6.073610134071277,455436000
2018-02-28,5.987020969390869,6.137933155797601,5.975393065454423,6.09834958508042,523116000
2018-03-01,5.744819164276123,6.038727410775939,5.643633459552477,5.984794638354639,1040120000
2018-03-02,5.85194206237793,5.858374640915502,5.488515059334415,5.6372009601159245,913428000
2018-03-05,5.8299241065979,5.869507681660066,5.678269174837483,5.801720703194585,620776000
2018-03-06,5.990979194641113,6.0102764571802885,5.872228479490515,5.915275601935772,636808000
2018-03-07,5.983063220977783,6.035264221075554,5.886825575165896,5.888062355471037,581208000
2018-03-08,5.966735363006592,6.010524749815253,5.922450980920371,6.010524749815253,411912000
2018-03-09,6.069406032562256,6.0822702482262665,5.998155491729328,6.0142359972460975,505524000
2018-03-12,6.1790032386779785,6.259159924524613,6.102557366325849,6.110721722262003,605060000
2018-03-13,6.1282854080200195,6.296268575594882,6.086970057618369,6.221801757076048,619772000
2018-03-14,6.1537675857543945,6.19854648766157,6.091423195064818,6.171332602663355,505496000
2018-03-15,6.168612480163574,6.249758683459202,6.126554864393388,6.16737569964395,401952000
2018-03-16,6.196813583374023,6.21586311065348,6.147333887276196,6.184938418560677,399456000
2018-03-19,5.962282180786133,6.168858947737223,5.863323236382214,6.139913757318412,713772000
2018-03-20,6.174548625946045,6.21338994269121,5.965250114657616,5.965250114657616,554696000
2018-03-21,6.149312973022461,6.23441768583317,6.118882806297186,6.1681147654980935,438688000
2018-03-22,5.983311176300049,6.132492096436482,5.9459543667739405,6.085981412846723,551196000
2018-03-23,5.7636213302612305,5.999390992373062,5.752488420884983,5.996916960081295,735620000
2018-03-26,6.048376083374023,6.049612863661747,5.836109006743211,5.888062272549538,611424000
2018-03-27,5.579309940338135,6.184939172815241,5.439035659573214,6.1292746258852215,1409000000
2018-03-28,5.476143836975098,5.675051170781665,5.36852605428361,5.544920313255323,945904000
2018-03-29,5.729480266571045,5.826212426921583,5.4600641464899695,5.544426617424963,916628000
2018-04-02,5.468723297119141,5.805184151041122,5.380897271002968,5.658972281964921,922092000
2018-04-03,5.575104236602783,5.6988030223661,5.476145302366815,5.635716849251113,667432000
2018-04-04,5.597122669219971,5.607513321692377,5.294307818154366,5.319294930796115,789168000
2018-04-05,5.476887226104736,5.66862023800034,5.405389441757284,5.655508292081592,701240000
2018-04-06,5.300492763519287,5.482330128984007,5.271299842626596,5.374217322637903,662988000
2018-04-09,5.3291916847229,5.4914845410247395,5.309152162428074,5.363579935329422,499524000
2018-04-10,5.6384382247924805,5.665404375504422,5.502369275361285,5.5595183379345405,761676000
2018-04-11,5.597122669219971,5.664909643830483,5.56446619805715,5.623594295607323,460244000
2018-04-12,5.8039469718933105,5.821759722140713,5.645859934147018,5.690144312149567,593920000
2018-04-13,5.727252960205078,5.8759388403131565,5.679010515374662,5.8675272257982405,503036000
2018-04-16,5.727006435394287,5.760405164237007,5.632747832118619,5.733933537209954,350792000
2018-04-17,5.876681327819824,5.897957626583024,5.723542372801609,5.779206915896396,447224000
2018-04-18,5.847736358642578,5.918986887807232,5.758673551091837,5.8262127956981935,391364000
2018-04-19,5.666394233703613,5.766837689190903,5.6109774151580485,5.733438957925266,471996000
2018-04-20,5.658230781555176,5.742098272698998,5.62705881875164,5.657735786263307,386200000
2018-04-23,5.538736343383789,5.72725305699322,5.5127597144781655,5.676042055989757,427508000
2018-04-24,5.472434043884277,5.6604557676753755,5.407121105423076,5.564465868818391,414596000
2018-04-25,5.360116004943848,5.481835756528574,5.202771224921857,5.442746705232682,588492000
2018-04-26,5.571888446807861,5.580052801449265,5.455859009336494,5.521914215929779,375824000
2018-04-27,5.599349498748779,5.697566655087498,5.557044627976112,5.677774866805812,400848000
2018-04-30,5.563971042633057,5.665404004024835,5.54467425198951,5.615677041839718,327844000
2018-05-01,5.619387626647949,5.6221089201822005,5.49717290424852,5.5558064694792195,253788000
2018-05-02,5.598853588104248,5.660455236641895,5.572629227395233,5.615924077946971,268248000
2018-05-03,5.764116287231445,5.7903406539983155,5.585495200439473,5.6307690982253,443144000
2018-05-04,5.914287567138672,5.917503857014303,5.7181014347014045,5.735419192687858,400660000
2018-05-07,6.152283191680908,6.209432256914997,6.009039872001805,6.018936001965964,687616000
2018-05-08,6.194835662841797,6.197556956961618,6.103545611809531,6.152530321586638,506616000
2018-05-09,6.327934741973877,6.330161512598483,6.187660461332376,6.214874344668311,596760000
2018-05-10,6.435554027557373,6.444707429404594,6.363066238529406,6.380878990685852,994080000
2018-05-11,6.297011852264404,6.427143251269797,6.198300625189031,6.253717454424328,1214456000
2018-05-14,6.317544460296631,6.394980307141077,6.29379459827383,6.335109949037145,523140000
2018-05-15,6.075093746185303,6.256683821894912,5.974650314039973,6.253962056439454,963528000
2018-05-16,6.086228370666504,6.148325032923929,5.999639115515134,6.036501399770641,553828000
2018-05-17,6.1282854080200195,6.22204901875555,6.07187860144694,6.08795957620981,519784000
2018-05-18,6.084495544433594,6.243572088369101,6.079547479993925,6.180238656660252,483716000
2018-05-21,6.04243803024292,6.185681336348375,5.949663944050659,6.181970523900174,640624000
2018-05-22,6.004337787628174,6.081030884966249,5.943725188977021,6.055796515922274,518264000
2018-05-23,6.127867698669434,6.129105716126052,5.947403282184309,5.948145998225217,442956000
2018-05-24,6.13157844543457,6.173909938307212,6.070928834045331,6.124152232215964,437372000
2018-05-25,6.170939922332764,6.187278254687541,6.108557456340994,6.144204512312691,292112000
2018-05-29,6.1538591384887695,6.221935919695896,6.107072286984995,6.15286900802552,352684000
2018-05-30,6.262782096862793,6.2714463294259915,6.162771828324576,6.187526980861685,390996000
2018-05-31,6.242978096008301,6.317490968536253,6.220203676648984,6.230848170367864,493868000
2018-06-01,6.377397537231445,6.383586679182776,6.279120120079032,6.287784352212608,421968000
2018-06-04,6.5563764572143555,6.578408157720231,6.379377776478071,6.411559140173212,642024000
2018-06-05,6.561822414398193,6.599450203723649,6.514787677741375,6.5595942668071325,391712000
2018-06-06,6.563803195953369,6.567021474229579,6.455376114557788,6.471714448359386,371356000
2018-06-07,6.5081048011779785,6.571972705575497,6.417748426383606,6.560090194951482,369448000
2018-06-08,6.492755889892578,6.535334330794576,6.416510181837358,6.4353240762470305,360456000
2018-06-11,6.451663017272949,6.521719590545876,6.438790376313072,6.480131276136385,265372000
2018-06-12,6.500182628631592,6.512312553502011,6.427897908574673,6.478150926631645,319160000
2018-06-13,6.495726585388184,6.576675534754701,6.486567052317168,6.50166784033084,338208000
2018-06-14,6.607372283935547,6.664061387334042,6.525928029014673,6.540781403227245,430016000
2018-06-15,6.566526412963867,6.621482671593455,6.519244256261446,6.550188078564943,432260000
2018-06-18,6.562318801879883,6.579894682290528,6.495232614460333,6.522462858366477,356268000
2018-06-19,6.440523624420166,6.526423707705365,6.313035224131755,6.459089635011484,594932000
2018-06-20,6.493499755859375,6.546475283765639,6.443246732956877,6.481617244426012,369780000
2018-06-21,6.364772319793701,6.543751262218643,6.357098218724655,6.525432668778922,359516000
2018-06-22,6.212280750274658,6.3989342614048175,6.196933020674174,6.385566320458842,434160000
2018-06-25,5.919427871704102,6.109546573748708,5.830804839514443,6.105833467245394,665816000
2018-06-26,5.990476131439209,6.0810799201153065,5.938985567247715,6.032807634227092,478884000
2018-06-27,5.835262298583984,6.100388753789127,5.82981587239756,6.034045286339777,453892000
2018-06-28,5.962503910064697,5.974386422063286,5.817686562350516,5.825360665009383,338012000
2018-06-29,5.864474773406982,6.040235500556227,5.863236755798679,6.0276107428099195,392300000
2018-07-02,5.996665000915527,6.000378108225789,5.774364420313867,5.794911162139062,357572000
2018-07-03,5.862987995147705,6.037263722189158,5.854571177138875,6.031322466663235,222732000
2018-07-05,6.008796215057373,6.013746868478463,5.879327066748085,5.918192411054247,306216000
2018-07-06,6.1226677894592285,6.1310846064870095,5.962997569162097,5.984287026301423,296352000
2018-07-09,6.1701979637146,6.2065882121743305,6.091477155707027,6.196933849181037,303880000
2018-07-10,6.269217491149902,6.291249190368491,6.142223945751566,6.1825747094197565,360016000
2018-07-11,6.12761926651001,6.211043781383894,6.116974301245094,6.176386852998671,367508000
2018-07-12,6.219212532043457,6.267237401223784,6.163018732336853,6.172920981397433,345508000
2018-07-13,6.171929836273193,6.23777846467562,6.129846225795139,6.23777846467562,246988000
2018-07-16,6.144204616546631,6.197180608357734,6.131827277829931,6.144204616546631,197036000
2018-07-17,6.280112266540527,6.29521306005806,6.069446706446592,6.094944581861945,362136000
2018-07-18,6.230846881866455,6.286545845754016,6.1798516273693735,6.272683076460253,277640000
2018-07-19,6.239016532897949,6.272683801836292,6.196933391055463,6.212033706997306,235752000
2018-07-20,6.210798740386963,6.2754093839254015,6.19990635637518,6.236544031930872,222352000
2018-07-23,6.174159049987793,6.186041561001983,6.022410328206835,6.184308714485967,301584000
2018-07-24,6.15683126449585,6.308827417653976,6.139254910632193,6.222184610123154,354620000
2018-07-25,6.235055923461914,6.247681149136494,6.108309781901584,6.166236899095952,319112000
2018-07-26,6.3085784912109375,6.345463567401592,6.198171149388678,6.215004784437119,325124000
2018-07-27,6.238770008087158,6.352148225852302,6.184803876424072,6.345216839415326,295420000
2018-07-30,6.043452262878418,6.258821472625982,6.008547446431852,6.252880217227306,340340000
2018-07-31,6.061522006988525,6.136282274856776,5.994188424649688,6.033053754040154,283988000
2018-08-01,6.101378917694092,6.148166244975472,6.037511012313753,6.092962572024045,283556000
2018-08-02,6.204112529754639,6.208073051846958,5.97116744429252,6.0300842238203725,269668000
2018-08-03,6.240750312805176,6.264515336277754,6.211787221633924,6.2286203864559235,214288000
2018-08-06,6.288527011871338,6.291992704693762,6.181585363542131,6.228124802061887,207508000
2018-08-07,6.360812664031982,6.37937914810995,6.310560110743287,6.337295526743153,258132000
2018-08-08,6.397201061248779,6.442255536968901,6.327144493763409,6.362049306305826,262100000
2018-08-09,6.348681449890137,6.417747887869633,6.341007348762948,6.415024911114542,204280000
2018-08-10,6.307340621948242,6.339769873125571,6.255602646539737,6.266742440416251,256396000
2018-08-13,6.340266227722168,6.461071143096522,6.314273526478258,6.316006373227852,375208000
2018-08-14,6.471714496612549,6.48582515491678,6.3625446984803915,6.44572179995376,466220000
2018-08-15,6.413541316986084,6.526424238144626,6.334820028071573,6.492509548357004,591136000
2018-08-16,6.372941970825195,6.485825352028727,6.312787172635112,6.48334978958143,801260000
2018-08-17,6.0605340003967285,6.262287875741542,6.033550697366725,6.261545159711826,1143188000
2018-08-20,6.135293960571289,6.267980903915233,5.90952765860184,6.019935483093313,854388000
2018-08-21,6.270952224731445,6.275408048826561,6.131828714121528,6.151632744006176,673988000
2018-08-22,6.506123065948486,6.511074189973505,6.234807985256849,6.238273677641328,749856000
2018-08-23,6.6056389808654785,6.670992311954336,6.453642861520282,6.467505632094863,720684000
2018-08-24,6.738821029663086,6.7534265157329365,6.60959980260381,6.614055625577372,531512000
2018-08-27,6.829919815063477,6.904184792315083,6.737088357416364,6.768527005772358,505776000
2018-08-28,6.792292594909668,6.846754023483587,6.672230415188345,6.823979132659071,475384000
2018-08-29,6.897806644439697,6.922822885239356,6.76380844716258,6.784613977440694,420108000
2018-08-30,6.8809638023376465,6.977809199485982,6.844058552115298,6.866597876583203,346608000
2018-08-31,6.952049732208252,6.964929413485684,6.85099362605503,6.86090129123312,306592000
2018-09-04,7.026851177215576,7.06449907805735,6.9104384689570955,6.938922298818097,391720000
2018-09-05,6.8960723876953125,7.044684060845709,6.815079160469039,7.009265054856305,393156000
2018-09-06,6.754892349243164,6.882202936542024,6.721950255269683,6.879726019882007,322796000
2018-09-07,6.733590602874756,6.859167374988806,6.617921023338989,6.66275212089794,295420000
2018-09-10,6.804677486419678,6.834400014785048,6.712290807176201,6.7561312412503955,220140000
2018-09-11,6.756873607635498,6.846040237909605,6.737553848253378,6.758359379569885,243112000
2018-09-12,6.642938137054443,6.736563504972155,6.487391272001737,6.716996194716462,419092000
2018-09-13,6.720709800720215,6.811362652731461,6.691482855233357,6.708820793670749,305536000
2018-09-14,6.846784591674805,6.912916808414803,6.774212768931428,6.811118027634231,386936000
2018-09-17,6.784861087799072,6.870313042224705,6.765541803056249,6.821271235850476,205528000
2018-09-18,6.712785720825195,6.891615041101095,6.706098565499135,6.788825597887477,299520000
2018-09-19,6.736562728881836,6.754396242722005,6.6441760661074705,6.6942085468819785,224860000
2018-09-20,6.595381736755371,6.656807653872388,6.541386096008046,6.61445347232534,430584000
2018-09-21,6.5252861976623535,6.652844783453233,6.492096559960824,6.607270564769188,435128000
2018-09-24,6.581015586853027,6.584483175020165,6.407140133867323,6.494325410251126,293912000
2018-09-25,6.648139476776123,6.673155719882226,6.5614492868678465,6.647148804636801,280388000
2018-09-26,6.611233234405518,6.693465151176857,6.595381537700021,6.653092314890422,268548000
2018-09-27,6.623122215270996,6.667705761649816,6.591666371884321,6.646404660447398,214428000
2018-09-28,6.960472106933594,6.982763885728506,6.727152024293565,6.755140758975559,709396000
2018-10-01,7.167041778564453,7.2339166346562855,6.999605907352073,7.03824495455493,622060000
2018-10-02,7.095707893371582,7.251254275391931,7.073416118129481,7.1395483216912465,383964000
2018-10-03,7.101899147033691,7.173480275162536,6.99787103178016,7.16604952677891,320552000
2018-10-04,6.9176225662231445,7.090011812087,6.840592015461616,7.065738689697317,391220000
2018-10-05,6.684054851531982,6.955023319371683,6.626591608819778,6.892854265333328,426636000
2018-10-08,6.58275032043457,6.716252956346487,6.441816934922494,6.60083138594712,408612000
2018-10-09,6.577052116394043,6.656806634749356,6.5091861328948575,6.562190621082934,273500000
2018-10-10,6.0853962898254395,6.516865367120257,6.083166923481313,6.4710431252931295,684940000
2018-10-11,5.823841094970703,6.1317148034914855,5.802292439219106,5.998211685385783,725436000
2018-10-12,6.106450080871582,6.18075615949684,5.9357946420488155,6.080938738218708,608236000
2018-10-15,5.830031394958496,6.093073918308649,5.829040723055664,6.093073918308649,449760000
2018-10-16,6.088866233825684,6.100012125011662,5.893442049293601,5.942731426020032,408712000
2018-10-17,6.0202555656433105,6.189177685404752,5.97121375134293,6.151033737110992,329668000
2018-10-18,5.932822227478027,6.127998811692099,5.8723869751484985,6.0896077860576945,524020000
2018-10-19,5.676219940185547,6.007623641207655,5.6398102574103195,5.988056802733743,613608000
2018-10-22,5.726994514465332,5.828545716930651,5.624205090107078,5.728480758675624,368844000
2018-10-23,5.475346088409424,5.552871726337115,5.367602355002051,5.459741468438981,626436000
2018-10-24,4.939105987548828,5.483519745276379,4.925235633520547,5.436954850346148,884288000
2018-10-25,5.147906303405762,5.195214329128974,4.797182810733507,4.841518819661817,951720000
2018-10-26,4.9113664627075195,5.073600511878566,4.783312734587742,4.911861562657233,664784000
2018-10-29,4.5975470542907715,5.056013744296567,4.359520726942718,5.0525461558257305,758016000
2018-10-30,5.0280256271362305,5.037933293931272,4.597547614755747,4.6205825148730195,807192000
2018-10-31,5.221963405609131,5.265556284182285,5.053041296402848,5.192736453283943,745772000
2018-11-01,5.402278900146484,5.411690993469848,5.131805582585273,5.258373033990966,566528000
2018-11-02,5.323266983032227,5.498628694228273,5.2066067254789345,5.392866774252923,452960000
2018-11-05,5.245245456695557,5.333421879261396,5.084497231052926,5.310138961187519,379332000
2018-11-06,5.227660179138184,5.32153308768528,5.190506906599606,5.23731982213188,299012000
2018-11-07,5.295278549194336,5.384940753938136,5.230632587115128,5.294287877072499,483812000
2018-11-08,5.102085113525391,5.236826005646613,5.048584553205165,5.236082883255876,511352000
2018-11-09,5.0941572189331055,5.184562541536846,4.979478777026566,5.013163989670542,413240000
2018-11-12,4.694639682769775,5.024805104346785,4.6728430089381945,5.002760880619506,617116000
2018-11-13,4.936628818511963,5.057994882472456,4.786283353554726,4.7924758805063306,644712000
2018-11-14,4.884120941162109,5.12412867756934,4.776130097110828,5.109762747551906,526580000
2018-11-15,5.0129170417785645,5.084993758604828,4.842261119155634,4.8781757025975505,840708000
2018-11-16,4.072700500488281,4.227008655673465,4.002852688296146,4.045207343380851,1963520000
2018-11-19,3.5840160846710205,4.008054206504337,3.5822822904240104,4.007311556761476,1697820000
2018-11-20,3.692502975463867,3.82080423964265,3.3019022271584046,3.320478630365573,1692032000
2018-11-21,3.584263801574707,3.8465632621927033,3.5570184283935222,3.8297206549782383,1025496000
2018-11-23,3.5914466381073,3.705134409946211,3.5367081075417226,3.549587789582065,411968000
2018-11-26,3.7908341884613037,3.8012369547872256,3.630085937854715,3.7125654186589845,814832000
2018-11-27,3.8076770305633545,3.888918058059655,3.728912919833767,3.764827268103983,738060000
2018-11-28,3.964709520339966,3.969910903304036,3.792815387753698,3.9253273507985633,804524000
2018-11-29,3.90148663520813,4.004131127727471,3.87123877326063,3.96694114903452,549172000
2018-11-30,4.051982402801514,4.062643375154676,3.8608252194748838,3.911155800473519,729564000
2018-12-03,4.215866565704346,4.330908031181536,4.148924321407802,4.279337751684604,890804000
2018-12-04,3.8952877521514893,4.176196582923808,3.880163587183828,4.171237793797083,812112000
2018-12-06,3.9245445728302,3.9295031263008973,3.7390900386430177,3.754709801280673,692308000
2018-12-07,3.6597509384155273,3.9389245124255527,3.6104122571159425,3.9287591352848987,681676000
2018-12-10,3.765122652053833,3.7899161266160215,3.6111556904794924,3.6148747825982497,629472000
2018-12-11,3.6741316318511963,3.865040565509055,3.5950406764388196,3.856858750688745,671912000
2018-12-12,3.6917340755462646,3.7879322669618105,3.5905770950272795,3.6798331708564738,654136000
2018-12-13,3.691486358642578,3.8028087245183233,3.655536080346519,3.738593913379882,471384000
2018-12-14,3.630990982055664,3.7336354759343178,3.607437202465878,3.649833769279372,471820000
2018-12-17,3.559833288192749,3.673138974747846,3.501816730576885,3.600990387903989,662868000
2018-12-18,3.643139123916626,3.727188615222916,3.576444922023647,3.603717553451435,564372000
2018-12-19,3.434130907058716,3.662973880016673,3.382560632989532,3.609420042926333,745364000
2018-12-20,3.349586248397827,3.5157019407707977,3.2898341492150034,3.425701977302212,749588000
2018-12-21,3.2124781608581543,3.4090897172238206,3.1849574941900696,3.3761144294532026,863740000
2018-12-24,3.150742530822754,3.2226433177744287,3.086775522708637,3.1361144339769425,463840000
2018-12-26,3.2999989986419678,3.3009906619667357,3.085784114917529,3.1968584465269196,695100000
2018-12-27,3.252147912979126,3.282147977897831,3.10363555642209,3.2476851911102784,637044000
2018-12-28,3.3136348724365234,3.4063622412168355,3.230825081725104,3.272725808694643,628728000
2018-12-31,3.3099164962768555,3.389503038347809,3.2791725672879504,3.357023816683324,465140000
2019-01-02,3.377354145050049,3.433387141998996,3.2243790837825164,3.2390071817040265,508752000
2019-01-03,3.173304319381714,3.3510728371708014,3.1658663723697056,3.3171058893369305,705552000
2019-01-04,3.376610517501831,3.414792156100815,3.2157014402835227,3.24644513111555,585620000
2019-01-07,3.555370569229126,3.5923127453752457,3.3825605935906724,3.433883069464481,709160000
2019-01-08,3.466858386993408,3.6391725442839733,3.394213726416275,3.6369409470710212,786016000
2019-01-09,3.5350399017333984,3.5823952495793314,3.467601836518137,3.5181802080935256,617260000
2019-01-10,3.6007423400878906,3.6094199848256,3.4552052331917964,3.5157011852102498,523156000
2019-01-11,3.6899988651275635,3.7128087767862965,3.5506600004094513,3.57842846515151,874764000
2019-01-14,3.7299158573150635,3.7552051625470253,3.6141307754347096,3.6376845517021295,730168000
2019-01-15,3.7157840728759766,3.802064931597008,3.697436882293088,3.7626433580066796,617012000
2019-01-16,3.69024658203125,3.776031605595157,3.684792197403687,3.7430565544351118,470104000
2019-01-17,3.7616517543792725,3.801569160276129,3.629998867007829,3.6572717374787245,493436000
2019-01-18,3.8908252716064453,3.9168584448168775,3.7599162491488,3.811486527437717,651336000
2019-01-22,3.6885108947753906,3.872229873528204,3.6582630372268445,3.8605770026218598,661552000
2019-01-23,3.7014036178588867,3.832560666001168,3.6701640957404,3.7438004161672387,591020000
2019-01-24,3.9133880138397217,3.930991105453982,3.7812392727669506,3.785950029190641,708972000
2019-01-25,3.9706599712371826,3.9887591287260853,3.751238720499467,3.853883212145111,1154572000
2019-01-28,3.421734094619751,3.511734038207602,3.247932693968221,3.3855357845316836,2511528000
2019-01-29,3.2628092765808105,3.423966413462467,3.24818117632725,3.375619154173903,1153932000
2019-01-30,3.406362771987915,3.42074283682194,3.2593379171909715,3.3389246965894777,974228000
2019-01-31,3.5640485286712646,3.599751010651744,3.381321194805929,3.403139443918474,842852000
2019-02-01,3.588346004486084,3.639420451798494,3.5350404327895575,3.5826435853708083,625048000
2019-02-04,3.698676347732544,3.7358663217906254,3.582147399796821,3.604213444766,528592000
2019-02-05,3.7177674770355225,3.754461622517804,3.676858407574305,3.7105773265095787,542424000
2019-02-06,3.7933874130249023,3.8578502616084736,3.7455362265006746,3.7509906115321305,702464000
2019-02-07,3.655040740966797,3.7492556327776048,3.612148337936232,3.7470242716237125,637120000
2019-02-08,3.673635244369507,3.6842962162740016,3.5734699182729486,3.587849982332469,461604000
2019-02-11,3.630990982055664,3.683800724125236,3.582643725376827,3.629503250477298,495180000
2019-02-12,3.748014450073242,3.763634444857671,3.655039292731486,3.6694195903775912,591060000
2019-02-13,3.790412187576294,3.8635526818664734,3.7638831823767678,3.777519617855716,605372000
2019-02-14,3.8313207626342773,3.8595852933200447,3.746279372988271,3.7894200346791997,827264000
2019-02-15,3.9009907245635986,4.062891240218851,3.87818081152665,4.040081563630015,1516748000
2019-02-19,3.8836350440979004,3.9642137205513395,3.8712385429033134,3.8903293628173086,551892000
2019-02-20,3.93099045753479,3.9981804975761754,3.901734496736235,3.912891300692235,540988000
2019-02-21,3.862064838409424,3.968180383235593,3.847436739975377,3.943635178401896,448548000
2019-02-22,3.9468586444854736,3.9657016689406897,3.9002471515262602,3.9138835881369767,401740000
2019-02-25,3.9344615936279297,4.09784983030733,3.925783711981515,4.0304119953672135,656020000
2019-02-26,3.8950400352478027,3.985783850201681,3.8615689152614534,3.9297508526167686,488464000
2019-02-27,3.8531391620635986,3.9071885945544893,3.796114266805622,3.88065982817824,500256000
2019-02-28,3.828568458557129,3.8692716349376517,3.8062316180109406,3.8469345576996776,324944000
2019-03-01,3.8829221725463867,3.9251141407930623,3.820130207820398,3.8784546150274335,357188000
2019-03-04,3.891112804412842,3.944225263691517,3.8345254726340214,3.9213918412259785,409992000
2019-03-05,3.8846595287323,3.9228805192118674,3.8211229310089085,3.8754763606085305,362924000
2019-03-06,3.773719072341919,3.8841632580683716,3.7709890690026233,3.875724958341543,403524000
2019-03-07,3.7044739723205566,3.7598203253832203,3.6583107876136225,3.7501408143283324,450104000
2019-03-08,3.7387242317199707,3.74939642820043,3.5937815120645666,3.6151259050254856,422416000
2019-03-11,3.9993231296539307,4.022156314280484,3.715146219939491,3.7623023273859832,859728000
2019-03-12,4.033573627471924,4.079984631977639,3.9509262895199857,4.027120461822635,579576000
2019-03-13,4.184969425201416,4.214255781160904,4.063604732448927,4.071050584659944,768900000
2019-03-14,4.109022617340088,4.206064834017345,4.1013287137822045,4.194151662483616,519384000
2019-03-15,4.214503288269043,4.257191599823181,4.148732793105118,4.152207428619799,661484000
2019-03-18,4.19315767288208,4.299879130717905,4.166104755650299,4.246021822564041,486992000
2019-03-19,4.360934734344482,4.405360838823117,4.270842260344442,4.287718859214613,854972000
2019-03-20,4.328423023223877,4.443334546066999,4.293676187292311,4.389973790220648,719148000
2019-03-21,4.565195560455322,4.591503860063608,4.346541045580498,4.351504947149413,824312000
2019-03-22,4.405360698699951,4.586538799738648,4.391462156525321,4.537893902127443,747644000
2019-03-25,4.313033580780029,4.428937745346452,4.246766990583778,4.364656998961132,525212000
2019-03-26,4.389724254608154,4.510840376517785,4.33338498763759,4.454749635898403,703508000
2019-03-27,4.38054084777832,4.461698661810291,4.311048149956939,4.415287670072511,474372000
2019-03-28,4.399156093597412,4.464926116428568,4.346043401267058,4.406601470742921,480264000
2019-03-29,4.456486701965332,4.480809619545336,4.415535715587227,4.465917921422844,456896000
2019-04-01,4.5239949226379395,4.554273954217669,4.476590767995998,4.548317369092397,483824000
2019-04-02,4.541863441467285,4.586289532773509,4.505131724980891,4.54806855191015,440920000
2019-04-03,4.681346416473389,4.740415685244924,4.586538112236161,4.591502011806915,783504000
2019-04-04,4.672412395477295,4.714852653652392,4.609620430393742,4.665959230502972,457376000
2019-04-05,4.739174842834473,4.756548492685493,4.6791133575303165,4.7155970281119926,481744000
2019-04-08,4.76002311706543,4.785090196394378,4.684573352712793,4.708647746729242,424192000
2019-04-09,4.697231292724609,4.737686179037519,4.655039088718205,4.726517640524543,439972000
2019-04-10,4.767717361450195,4.793529077520977,4.692020004561179,4.696487325922731,444772000
2019-04-11,4.753818035125732,4.801718770475504,4.704428508489691,4.770198526343151,374600000
2019-04-12,4.715845108032227,4.796506825958839,4.707158519748876,4.792535611293497,471708000
2019-04-15,4.584057331085205,4.7131159125252005,4.544347071162689,4.708152011688977,440092000
2019-04-16,4.671172142028809,4.690034588061539,4.59051087698702,4.623271867805199,394964000
2019-04-17,4.648336887359619,4.727012746281841,4.625999815060123,4.706164938371236,351004000
2019-04-18,4.623765468597412,4.689039361819051,4.5959683940878495,4.6550376508040925,380988000
2019-04-22,4.677623748779297,4.693259606449838,4.5686688510146265,4.600188619320266,279936000
2019-04-23,4.7322258949279785,4.763498088085355,4.681099047354128,4.690778321562646,346856000
2019-04-24,4.744634628295898,4.785337560550729,4.681842675829225,4.7426487845731975,318204000
2019-04-25,4.638906002044678,4.726765033170298,4.5592374522633365,4.704427959264903,499296000
2019-04-26,4.420004844665527,4.489498044195115,4.301122104284579,4.485030248899713,868988000
2019-04-29,4.450779914855957,4.478577001876419,4.355723060888487,4.427946255243696,391920000
2019-04-30,4.492228031158447,4.517791223873534,4.399405063429239,4.418515563047913,362920000
2019-05-01,4.4790730476379395,4.586787220391971,4.478824521259415,4.5445950154557435,354280000
2019-05-02,4.5465803146362305,4.588275939542853,4.445567361403946,4.488752251023969,394684000
2019-05-03,4.542113304138184,4.564946488846649,4.480562074538037,4.555019161307543,336824000
2019-05-06,4.463685989379883,4.475847215541172,4.31849496117035,4.355723272147473,422176000
2019-05-07,4.29640531539917,4.415288016656609,4.24825652905285,4.415288016656609,555220000
2019-05-08,4.316508769989014,4.396673910238006,4.256943389066103,4.268856559927398,419168000
2019-05-09,4.223933696746826,4.257191257846926,4.105051466418007,4.247511984459782,660248000
2019-05-10,4.1899333000183105,4.258681867506508,4.070305926204447,4.19315988329426,569500000
2019-05-13,3.9325602054595947,4.080977563202971,3.9166760553201314,4.057895852056923,656912000
2019-05-14,4.0216593742370605,4.056902302663649,3.933552053170589,3.9722693798186035,524880000
2019-05-15,3.9606051445007324,3.9970888148436092,3.906748061112328,3.9660651503880393,502320000
2019-05-16,3.9757444858551025,4.018433268461454,3.912704707344669,3.955144963582412,781088000
2019-05-17,3.884906768798828,4.0631067740555045,3.8454448115143696,3.9338001819226966,1022068000
2019-05-20,3.766273021697998,3.8412262085621105,3.7414539947355543,3.7861281485912404,572064000
2019-05-21,3.848424196243286,3.8643083478366496,3.788362462532847,3.8270800376619527,361848000
2019-05-22,3.777442216873169,3.8357666326753392,3.766521729499103,3.8097068628568667,325868000
2019-05-23,3.656325578689575,3.7151463332504586,3.596511901994618,3.7151463332504586,591844000
2019-05-24,3.6024680137634277,3.710430233880253,3.595766796180836,3.6751873017096988,357584000
2019-05-28,3.557297706604004,3.6528506553060973,3.5553120991840212,3.6200896713730124,428356000
2019-05-29,3.4830892086029053,3.544639962663418,3.4483426166659505,3.5096453177271654,559800000
2019-05-30,3.456502676010132,3.522099432460653,3.418237822426676,3.4863193619456454,394300000
2019-05-31,3.3658101558685303,3.4748896735540415,3.3640708550271428,3.4075536130237953,389720000
2019-06-03,3.324066638946533,3.4157529030716662,3.2947468634021604,3.376991141813484,478644000
2019-06-04,3.55315899848938,3.5583769014734092,3.366059025631801,3.3881730292729713,641836000
2019-06-05,3.5104212760925293,3.632421377374354,3.474144295945968,3.6269549019543383,511616000
2019-06-06,3.5725393295288086,3.597138112772202,3.5121604763893934,3.514645259414856,408140000
2019-06-07,3.615276575088501,3.6495656801261256,3.5593701422465647,3.578502687044135,348856000
2019-06-10,3.688079357147217,3.75665780885729,3.671431594222024,3.671431594222024,402780000
2019-06-11,3.745724678039551,3.7857288321925013,3.706217670067543,3.747960888005973,383872000
2019-06-12,3.632669687271118,3.7084539124348197,3.6175128896307696,3.702241954738312,358892000
2019-06-13,3.6838550567626953,3.702241882476783,3.6371420362521496,3.654783616626768,308080000
2019-06-14,3.5939078330993652,3.615028014807577,3.549182923629349,3.59067780474872,394428000
2019-06-17,3.603598117828369,3.6406205762717807,3.5693087783168838,3.592168259003896,276040000
2019-06-18,3.798649311065674,3.8540585972699657,3.654038306151122,3.6649710195419645,581920000
2019-06-19,3.804612874984741,3.8453622752424192,3.7785231263264563,3.8339326521074457,331644000
2019-06-20,3.828962564468384,3.909219199464716,3.8145512509646724,3.895304795121557,350168000
2019-06-21,3.7708206176757812,3.863252610355401,3.7643603234820975,3.814055040025494,434428000
2019-06-24,3.7931833267211914,3.8227516793697673,3.7449795731915354,3.7921895081830472,282948000
2019-06-25,3.7638635635375977,3.8731916599155927,3.7611304440648405,3.798152909834271,311868000
2019-06-26,3.9571752548217773,4.018299834484785,3.8784095666452463,3.891330155558277,584072000
2019-06-27,4.055818557739258,4.074950866034937,4.006869326569596,4.042897970147851,445440000
2019-06-28,4.080666542053223,4.108992504658828,4.033953750636533,4.099798853291294,397668000
2019-07-01,4.128869533538818,4.322181195149947,4.091349926515386,4.287891853403796,709756000
2019-07-02,4.030971050262451,4.1333419287237945,4.017802127034012,4.112221510410361,400228000
2019-07-03,4.043891429901123,4.060042281438798,3.9840097272590325,4.054327233500396,246636000
2019-07-05,3.981276750564575,3.9899732538747124,3.9179159705348487,3.9855008341614826,396552000
2019-07-08,3.906238079071045,3.940527422747279,3.87617305628239,3.9216434501117856,329788000
2019-07-09,3.9087231159210205,3.9368005035992018,3.8513259489198917,3.863997964557344,342860000
2019-07-10,3.977052927017212,4.034449852617159,3.9382911637615434,3.952205569967591,452076000
2019-07-11,4.131602764129639,4.172352163605973,4.0128326932695355,4.0501034912530605,682560000
2019-07-12,4.164648056030273,4.235711500159338,4.159430155573038,4.159430155573038,506392000
2019-07-15,4.1562018394470215,4.20192081085043,4.127876351644319,4.185770429821443,289840000
2019-07-16,4.151479721069336,4.178563045264712,4.095821634436107,4.141292254764827,341444000
2019-07-17,4.216829299926758,4.2237865034490785,4.123900396965536,4.153220175787872,348204000
2019-07-18,4.228506088256836,4.291369712611232,4.1706120290197095,4.227263933939426,442192000
2019-07-19,4.185273170471191,4.273232508965575,4.179309785325475,4.266772451513355,344896000
2019-07-22,4.256831645965576,4.269752229718017,4.199185928152861,4.206640275137497,315940000
2019-07-23,4.3646697998046875,4.366657436582832,4.280437411839325,4.296091591719843,428176000
2019-07-24,4.439212799072266,4.444927849025565,4.331872796250906,4.407905377236709,366236000
2019-07-25,4.308017253875732,4.410388115703834,4.2846608664277595,4.397715866774765,392700000
2019-07-26,4.350009441375732,4.396722218072964,4.335101219305598,4.335101219305598,274160000
2019-07-29,4.343797206878662,4.359948055329464,4.255589565358658,4.342803388714945,248160000
2019-07-30,4.359450817108154,4.371625918722874,4.282921133034723,4.297332680913352,197772000
2019-07-31,4.1922287940979,4.328888980787595,4.149988441691817,4.327894688701428,359416000
2019-08-01,4.097810745239258,4.2931100574055145,4.0456312466617215,4.202665940748666,421212000
2019-08-02,4.005130767822266,4.074454948626088,3.9576727294469674,4.005130767822266,428348000
2019-08-05,3.7467188835144043,3.82275144718998,3.699757524490677,3.8215090556117692,589156000
2019-08-06,3.785480499267578,3.8669795404010574,3.737773893750693,3.8215091449924685,361272000
2019-08-07,3.823744773864746,3.8356715419119998,3.7072111601832995,3.724604166117267,372560000
2019-08-08,3.9323272705078125,3.9335696618957994,3.823993253271804,3.8813904084099957,309300000
2019-08-09,3.830950975418091,3.8948084322634977,3.7805110156372868,3.8913298306897843,341816000
2019-08-12,3.763117551803589,3.830950511233853,3.7412518895882414,3.778771256988589,279200000
2019-08-13,3.8774147033691406,3.923382237377056,3.7226164787402802,3.761626573507389,351956000
2019-08-14,3.7288284301757812,3.800388568001883,3.685097340154028,3.7892072816564335,419880000
2019-08-15,3.6965270042419434,3.7675902336691864,3.662237899501885,3.747712443711656,477200000
2019-08-16,3.9646286964416504,4.013826020539464,3.8980378930842976,3.9594107948409443,1007960000
2019-08-19,4.2434163093566895,4.259318830441109,4.061783026218913,4.077933883499078,815112000
2019-08-20,4.171108722686768,4.238444758773659,4.1499883101910795,4.2379476127463285,463188000
2019-08-21,4.254596710205078,4.309757665273408,4.215586609042289,4.237203701656314,427244000
2019-08-22,4.26080846786499,4.306775767729217,4.221549560663926,4.2642870692177,303488000
2019-08-23,4.03618860244751,4.238693894962377,4.0163108143059425,4.184278432152691,568056000
2019-08-26,4.110979080200195,4.139056699387173,4.072714467605773,4.114954827476076,318208000
2019-08-27,4.02028751373291,4.15197771364096,3.990967733735244,4.149244594136765,290968000
2019-08-28,4.009842395782471,4.062570728079097,3.9546268198198535,3.993924605591997,255612000
2019-08-29,4.153600692749023,4.185933901105231,4.097887496414658,4.1013695415359885,357976000
2019-08-30,4.166284561157227,4.249605527425925,4.148128117230253,4.199861624484044,290616000
2019-09-03,4.083212375640869,4.126489350058698,4.060330504419183,4.09340992723894,296140000
2019-09-04,4.197372913360596,4.204834638509145,4.143898402444784,4.143898402444784,227728000
2019-09-05,4.470468044281006,4.476685913980088,4.297857286881975,4.29959830937344,695676000
2019-09-06,4.443357944488525,4.504045156754772,4.405304027230507,4.447088571861083,376976000
2019-09-09,4.489370346069336,4.575924783254731,4.472954922974478,4.474447363544845,417524000
2019-09-10,4.556027889251709,4.582640394549681,4.446840145358927,4.456540061502598,352812000
2019-09-11,4.584630012512207,4.632881480774574,4.541601611985885,4.570701831882752,361512000
2019-09-12,4.583137512207031,4.685858317404362,4.575178619721449,4.631140397873783,327840000
2019-09-13,4.525185585021973,4.5535395808335615,4.481410970029011,4.516480473289425,324592000
2019-09-16,4.482156753540039,4.516728615164704,4.439626001162905,4.450072134224202,231832000
2019-09-17,4.503547191619873,4.507775456606697,4.4423623518716875,4.488872792333727,223048000
2019-09-18,4.476436614990234,4.5122523394959275,4.389882659024344,4.49658313792207,258152000
2019-09-19,4.400825500488281,4.500810450585569,4.390130312031318,4.482404953945371,245476000
2019-09-20,4.295121669769287,4.423460664993095,4.284924589552324,4.399832566627601,350244000
2019-09-23,4.3485941886901855,4.394109815873318,4.291637627839061,4.295368728029747,249712000
2019-09-24,4.291141033172607,4.409531016411817,4.255574369257198,4.379933639200257,317268000
2019-09-25,4.432911396026611,4.452560282187876,4.2458748161388575,4.290644238017967,308432000
2019-09-26,4.410775661468506,4.431916990087712,4.359788365189732,4.423211876654245,234564000
2019-09-27,4.271989822387695,4.4197286020751365,4.211302152824442,4.368989901893488,362056000
2019-09-30,4.32944393157959,4.339641483764673,4.26651807050821,4.297856947271272,186184000
2019-10-01,4.327703475952148,4.501806682926707,4.322978046541209,4.352575430433239,366008000
2019-10-02,4.30382776260376,4.31775594638006,4.231450543857763,4.305817367602323,293372000
2019-10-03,4.509516716003418,4.5157345856427185,4.277959778078787,4.30830338040873,450588000
2019-10-04,4.525932788848877,4.555281593180711,4.446591489477808,4.511755550665434,265524000
2019-10-07,4.584630012512207,4.68436593783087,4.582142769629365,4.590847882522774,480984000
2019-10-08,4.40803861618042,4.492851540378292,4.389882173989231,4.492851540378292,444436000
2019-10-09,4.494592666625977,4.544087984041034,4.456041595312529,4.484892753316934,292412000
2019-10-10,4.552295684814453,4.603282970710126,4.48713163832642,4.492354705322868,309124000
2019-10-11,4.625916957855225,4.70923745186966,4.617460427723012,4.636363092350418,446404000
2019-10-14,4.639347076416016,4.660239343503863,4.586121132212511,4.617210950919804,200040000
2019-10-15,4.884087085723877,4.956713348062926,4.71570457683445,4.729633232543965,664124000
2019-10-16,4.830362796783447,4.954971126937373,4.81892186123977,4.850011679699381,428944000
2019-10-17,4.8323540687561035,4.919902840787935,4.777884253126136,4.874884833262927,263436000
2019-10-18,4.737840175628662,4.865432928568595,4.663473373366728,4.832850665565099,307440000
2019-10-21,4.875133037567139,4.8885640539462045,4.780371125805909,4.799273791765229,261868000
2019-10-22,4.865185260772705,5.037298409991811,4.857474949190354,4.932090347427092,328720000
2019-10-23,4.8522515296936035,4.866428293039091,4.751271740425643,4.783107786850228,279916000
2019-10-24,4.896273612976074,4.9298501999847515,4.859463088958182,4.893537314212813,232020000
2019-10-25,5.087291717529297,5.108183994412453,4.969150256172563,4.976860568983233,423092000
2019-10-28,5.143251895904541,5.195731153660349,5.101715462840059,5.131064263826471,330792000
2019-10-29,5.0469970703125,5.135789685215636,5.027597242380562,5.129322759642981,211236000
2019-10-30,5.048986911773682,5.079579569924972,4.980837980085249,5.073858864295298,205960000
2019-10-31,4.999740123748779,5.048986385362047,4.919901681566824,5.0280941182036285,209732000
2019-11-01,5.03878927230835,5.071122474910561,4.939301473301272,4.964422004976594,283640000
2019-11-04,5.235526084899902,5.247962298929222,5.096741446841325,5.119871903589049,376716000
2019-11-05,5.2133893966674805,5.261391797562708,5.165386521379289,5.23527646486896,300868000
2019-11-06,5.164144039154053,5.214882273134978,5.076594802274836,5.18926457418773,269012000
2019-11-07,5.181803226470947,5.26537278621327,5.137033802523521,5.2506983850035285,280340000
2019-11-08,5.167872905731201,5.199460356025952,5.127331764111631,5.1648885000872236,189100000
2019-11-11,5.177824020385742,5.200954478298367,5.080823443644113,5.167128828342587,243436000
2019-11-12,5.2133893966674805,5.269351162720486,5.181055720995538,5.216125220893545,283504000
2019-11-13,5.187522888183594,5.209658539332354,5.121114985951338,5.182050765082911,300188000
2019-11-14,5.217866897583008,5.220105558263123,5.136536008767511,5.196476990525216,518080000
2019-11-15,5.078583717346191,5.267360796972034,4.990288280436552,5.2156272982326515,1053628000
2019-11-18,5.2797980308532715,5.30641053107878,5.068138566823992,5.071122973378926,574588000
2019-11-19,5.173097133636475,5.2723358780861025,5.114897178163659,5.248707786319236,414564000
2019-11-20,5.252439022064209,5.336257157628974,5.13753106375064,5.150215859442783,472588000
2019-11-21,5.227567195892334,5.303675023106709,5.2059287052998755,5.247962302277596,288388000
2019-11-22,5.2452263832092285,5.296710837779399,5.221597814159765,5.2502003943416495,224100000
2019-11-25,5.5019025802612305,5.5068770646305705,5.360381678386213,5.3733150531107325,506476000
2019-11-26,5.39719295501709,5.488969974847671,5.390726029551983,5.484244071716554,385244000
2019-11-27,5.432038307189941,5.477089518435808,5.405654939990293,5.442741388010398,215784000
2019-11-29,5.394705295562744,5.429551445611462,5.370810521390372,5.401176994710757,141556000
2019-12-02,5.208277225494385,5.401176768821943,5.193094464212357,5.387735840226316,372036000
2019-12-03,5.168700695037842,5.1726828396090925,4.987251058891021,5.024586275333187,465232000
2019-12-04,5.212507247924805,5.274732768272059,5.1838835655342335,5.252331542967603,273424000
2019-12-05,5.195581436157227,5.250090949957693,5.164966211098966,5.234410189449158,184884000
2019-12-06,5.280954837799072,5.313810377278373,5.254820235109524,5.264776545511072,232236000
2019-12-09,5.280954837799072,5.335713595521565,5.249344549234479,5.258056083464329,211880000
2019-12-10,5.326006889343262,5.377778567587754,5.258305208315749,5.311072422719859,256388000
2019-12-11,5.409637451171875,5.415113611989722,5.333971483280158,5.336460560971356,233796000
2019-12-12,5.577148914337158,5.595318755142743,5.371804979121072,5.380765279472877,404348000
2019-12-13,5.575157642364502,5.6993599150203575,5.521145652599463,5.580135797823065,454704000
2019-12-16,5.604029178619385,5.676459762116749,5.5945708746826615,5.622697021183247,320976000
2019-12-17,5.682185649871826,5.704835640197259,5.613239668002575,5.622697973541322,321196000
2019-12-18,5.712552547454834,5.773035769556015,5.708569927478642,5.717032698213604,343548000
2019-12-19,5.8606486320495605,5.874089557912425,5.742171276184122,5.747149432040225,445360000
2019-12-20,5.957968711853027,5.983356543611427,5.907939344342441,5.927104719514694,603044000
2019-12-23,5.944279670715332,6.018701342015052,5.933577063209808,5.9865930447554225,355060000
2019-12-24,5.939301490783691,5.956475795589439,5.894499039071839,5.928847648683333,138864000
2019-12-26,5.953489780426025,5.981615460858542,5.923870083446328,5.942786697154283,182852000
2019-12-27,5.895744323730469,5.982113385929475,5.869360476100034,5.968672459359743,254644000
2019-12-30,5.782494068145752,5.879068211053426,5.751132538137095,5.873841289385316,258056000
2019-12-31,5.856666088104248,5.866124393689156,5.727983663924737,5.747149040447486,231004000
2020-01-02,5.971409797668457,5.971409797668457,5.892010445596926,5.942537349164542,237536000
2020-01-03,5.8758320808410645,5.919638999446525,5.8267982408176024,5.851688546269411,205384000
2020-01-06,5.900472164154053,5.905699084702137,5.756358226332289,5.782492829072712,262636000
2020-01-07,5.971908092498779,6.017706082693678,5.88379672631697,5.928847945646861,314856000
2020-01-08,5.983108043670654,6.0244258788447835,5.927602987861085,5.967676046816965,277108000
2020-01-09,6.048819065093994,6.121249669973034,5.995056308289606,6.069477985719002,255112000
2020-01-10,6.081174373626709,6.186460018886761,6.066987155003464,6.156094034922146,316296000
2020-01-13,6.271834850311279,6.296973919615413,6.141658878781784,6.1643093449606505,319840000
2020-01-14,6.154850959777832,6.254411699514828,6.141658799771101,6.229023390430331,359088000
2020-01-15,6.112288951873779,6.189946478989992,6.086403109501709,6.16754525098558,263104000
2020-01-16,6.195919513702393,6.201893205518962,6.142405527455289,6.16580228926058,284192000
2020-01-17,6.2046308517456055,6.222551926626451,6.157090558824123,6.2150846934070065,253792000
2020-01-21,6.17127799987793,6.204879835864673,6.137178158466554,6.168042151475357,217916000
2020-01-22,6.225289344787598,6.311907155351384,6.197661200927459,6.2165778106644005,239240000
2020-01-23,6.293736934661865,6.302199702937728,6.176504379109677,6.265362496520287,244516000
2020-01-24,6.234499931335449,6.459009733569713,6.180239170582056,6.409229123297355,373512000
2020-01-27,5.978627681732178,6.0296525857814975,5.7802525167581775,5.929842615207442,470536000
2020-01-28,6.172024726867676,6.204381786434849,5.991321394689155,6.044586611311332,310976000
2020-01-29,6.111542224884033,6.193679896862206,6.071717453105673,6.157588979316764,258848000
2020-01-30,6.11826229095459,6.131703216878175,5.958716335413208,6.013723391219513,290504000
2020-01-31,5.884791851043701,6.084411332665252,5.842976483471893,6.072463949146722,370420000
2020-02-03,5.981864929199219,6.001279074420457,5.860400477267656,5.866622935364559,255564000
2020-02-04,6.151116847991943,6.170282699054375,6.073708571920442,6.123737942425535,271544000
2020-02-05,6.241469383239746,6.282289219268242,6.1580869292600395,6.272084141575343,208220000
2020-02-06,6.328335285186768,6.328335285186768,6.194675177734428,6.275817310153531,218284000
2020-02-07,6.26212739944458,6.310414462729095,6.2367390915720655,6.288262003363611,189752000
2020-02-10,6.5453782081604,6.546124504221286,6.279799354982195,6.284777510513011,529608000
2020-02-11,6.667837619781494,6.782581587232491,6.591673645110323,6.653650398908643,638556000
2020-02-12,6.783578872680664,6.790050571409463,6.681777798354714,6.720606566498036,374644000
2020-02-13,6.739770412445068,6.8069740890850765,6.6982038099789944,6.725583191145601,528016000
2020-02-14,7.2129340171813965,7.341865218316745,7.118600192938907,7.1499617209802695,1041924000
2020-02-18,7.381689548492432,7.400108630693674,7.090225304311994,7.109639448018823,620164000
2020-02-19,7.832948207855225,7.850620517415515,7.5041487761694174,7.5041487761694174,694332000
2020-02-20,7.6836066246032715,7.873269773484116,7.3762124356460035,7.784909658151968,810052000
2020-02-21,7.31946325302124,7.596491480343138,7.234587743774867,7.571352412421741,768180000
2020-02-24,6.801995277404785,7.015802435651572,6.670575020069589,6.7250845370441645,856916000
2020-02-25,6.522479057312012,6.939141090526179,6.420678006754452,6.877164335215975,1055496000
2020-02-26,6.661863803863525,6.856007590893167,6.52123447502592,6.522727541844706,747732000
2020-02-27,6.291028022766113,6.649661579000077,6.198630033883535,6.3483096360805,906416000
2020-02-28,6.726119518280029,6.785642779729529,6.021803597722082,6.038489872052209,1133252000
2020-03-02,6.884515762329102,6.913405955586812,6.50023030439148,6.8962213781378505,890744000
2020-03-03,6.622015476226807,7.000074707621005,6.536590903035929,6.940302540308167,652792000
2020-03-04,7.085749626159668,7.095213590189476,6.6546421469896755,6.729357727492429,597408000
2020-03-05,6.806313514709473,7.053122811781065,6.761733181949869,6.8862586566635935,540328000
2020-03-06,6.6257524490356445,6.6842795827074015,6.425515243639986,6.626748580774733,515412000
2020-03-09,6.112706184387207,6.460381260017114,5.931895250930945,5.974731756295129,614160000
2020-03-10,6.502223014831543,6.502223014831543,6.126405362696492,6.3891537507416105,580648000
2020-03-11,6.138359069824219,6.390647822883888,6.041229343978403,6.362255932629581,499964000
2020-03-12,5.387221336364746,5.880591027364499,5.374519589452378,5.615102713156774,816540000
2020-03-13,5.998143196105957,6.002626025956078,5.46940821237534,5.74062440609125,634836000
2020-03-16,4.891360759735107,5.631042423624033,4.83158858563761,5.290091309567239,726972000
2020-03-17,5.411130905151367,5.5005405030795576,4.756874200949433,5.003683548446786,833632000
2020-03-18,5.05125093460083,5.2285751727903245,4.499852467616629,4.983509240244786,874268000
2020-03-19,5.304038047790527,5.397681063684744,4.8163962655111225,5.0298325317869885,765512000
2020-03-20,5.124224662780762,5.736142694810276,5.108783431931575,5.454216962280671,804636000
2020-03-23,5.297064781188965,5.391455500296012,4.9441596073334635,5.123227218008279,643876000
2020-03-24,6.205851078033447,6.292521172901841,5.679606705525981,5.703266373578083,1101644000
2020-03-25,6.117190361022949,6.520652690645078,6.068376105755603,6.320913789305479,793432000
2020-03-26,6.40658712387085,6.530614300481662,6.2262739971016074,6.3243998510831805,696108000
2020-03-27,6.294265270233154,6.55302911484809,6.193399457546249,6.226274177603564,638828000
2020-03-30,6.614545822143555,6.6237608729838335,6.315684418155831,6.359766458618071,602252000
2020-03-31,6.564982891082764,6.858863074526664,6.419287845041489,6.654640905927351,949960000
2020-04-01,6.053682804107666,6.513431143496959,6.009102934784075,6.36698931056734,656912000
2020-04-02,6.362504482269287,6.375704056469888,6.034753454300469,6.0828200075317005,675764000
2020-04-03,6.074603080749512,6.366490595902517,5.937126918400337,6.324899124823226,663212000
2020-04-06,6.684529781341553,6.721389512932916,6.2992476118624126,6.356778624849868,727884000
2020-04-07,6.451167106628418,6.929843281076082,6.408081206141208,6.9061831354181376,784520000
2020-04-08,6.648416996002197,6.673322193356403,6.490269539084196,6.560252910886218,542444000
2020-04-09,6.548794269561768,6.797097983920224,6.485784319223481,6.774185533811913,525564000
2020-04-13,6.720640182495117,6.729356927930683,6.400609742855064,6.4890227180026585,398408000
2020-04-14,7.071801662445068,7.105921425129688,6.821256283801942,6.848900953761625,530948000
2020-04-15,6.994348049163818,7.077282076063344,6.85836632376296,6.903693407220888,366148000
2020-04-16,7.339531898498535,7.446623891363686,7.136555700421312,7.149755276394696,745620000
2020-04-17,7.280257225036621,7.443136373919461,7.146267791619093,7.421717882698003,539120000
2020-04-20,7.149007797241211,7.309645780659861,7.104676851709789,7.153740016301722,449388000
2020-04-21,6.712173938751221,7.092225554711599,6.652401752330054,7.030959408024558,735160000
2020-04-22,7.126593112945557,7.169430098174833,6.858863617857096,6.904439608795436,483356000
2020-04-23,7.073296546936035,7.300680114926869,7.048142440129082,7.168683401489257,424160000
2020-04-24,7.2122673988342285,7.214259662310264,6.988370521038013,7.0630861017140365,352328000
2020-04-27,7.398806571960449,7.558697350793778,7.322098729382664,7.346755008257578,479388000
2020-04-28,7.256349086761475,7.576130635658763,7.250870124951542,7.546244309815871,442904000
2020-04-29,7.433175563812256,7.485974343887676,7.315872387428984,7.391085793246775,379160000
2020-04-30,7.279263019561768,7.433176550066634,7.265316223920822,7.3791322419308685,375916000
2020-05-01,7.042664051055908,7.195083139359581,6.994348096914766,7.081764954914054,342096000
2020-05-04,7.254605770111084,7.268303649724436,6.995343614233226,6.995343614233226,317556000
2020-05-05,7.315622806549072,7.478253047929909,7.254605114249709,7.358708704883354,368896000
2020-05-06,7.416489124298096,7.521339946333403,7.357215248209346,7.395071104382327,323464000
2020-05-07,7.592817306518555,7.656076184907936,7.504404320286109,7.555708667714478,373732000
2020-05-08,7.78284215927124,7.7890683379932595,7.630672014172306,7.66454286344492,339216000
2020-05-11,8.034883499145508,8.081705018034938,7.749221691038973,7.777862498603452,469060000
2020-05-12,7.772880554199219,8.141475876196386,7.763167676564852,8.092662098835039,493060000
2020-05-13,7.750465393066406,8.047831798565293,7.565918366947344,7.887443218840645,625852000
2020-05-14,8.000018119812012,8.005497083221577,7.658319673858958,7.811984313837006,602312000
2020-05-15,8.458520889282227,8.468233294730643,7.844111726478431,7.859801873791413,987660000
2020-05-18,8.717033386230469,8.882652519212469,8.647548328648481,8.72724456781721,774460000
2020-05-19,8.772072792053223,9.05300185965905,8.729484721408285,8.756880478543883,717320000
2020-05-20,8.93595027923584,9.00867312671742,8.855008513018294,8.956870472342526,587536000
2020-05-21,8.74194049835205,9.018137424995713,8.7043335502057,9.0171417681228,761068000
2020-05-22,8.991983413696289,9.058480534217885,8.680171933352966,8.791746259843563,1038764000
2020-05-26,8.684653282165527,9.146892438556835,8.639077303190717,9.121986779238386,770780000
2020-05-27,8.492887496948242,8.599978539188397,7.966393195519462,8.59225840000188,1175892000
2020-05-28,8.45478343963623,8.727244712419553,8.347441574108315,8.380316297061471,734896000
2020-05-29,8.841806411743164,8.841806411743164,8.452788765666746,8.522024898256673,745256000
2020-06-01,8.772819519042969,8.807188672475881,8.656512958549527,8.799717447835334,389876000
2020-06-02,8.791749954223633,8.80370448709302,8.625135136816352,8.762860704005695,391320000
2020-06-03,8.736210823059082,8.832593819196138,8.66697467494194,8.788761169686277,365440000
2020-06-04,8.737208366394043,8.91336701155603,8.648505048612202,8.698836225871018,424280000
2020-06-05,8.8901948928833,8.966937271416668,8.678903373646111,8.765114510848656,481748000
2020-06-08,8.775578498840332,8.860044532100977,8.656726674779266,8.847586490803435,387736000
2020-06-09,9.015771865844727,9.079309108158784,8.722007525331632,8.77059454872251,468488000
2020-06-10,9.335451126098633,9.468256112022411,9.122913533165256,9.137116670119509,632180000
2020-06-11,8.766854286193848,9.2302995112569,8.75663844926838,9.119421372002767,583652000
2020-06-12,8.902652740478516,9.156551767191573,8.674168804360798,9.131884710415692,570908000
2020-06-15,9.143095970153809,9.151567666376659,8.714532504819088,8.785794364194377,400004000
2020-06-16,9.038196563720703,9.235784866001858,8.809214608166549,9.1941744220591,535716000
2020-06-17,9.20513916015625,9.267928380055611,9.039942490508217,9.083298038139,408304000
2020-06-18,9.187199592590332,9.25148392926587,9.084045060176823,9.19616934530287,254408000
2020-06-19,9.230302810668945,9.413438956839919,9.196416977731053,9.211616224722999,524160000
2020-06-22,9.494915962219238,9.499401313261167,9.242263048072369,9.268924225594319,398468000
2020-06-23,9.418420791625977,9.61027762938624,9.37606326989981,9.519083113139562,375108000
2020-06-24,9.204642295837402,9.524569856067197,9.113945793757182,9.444587253143853,449372000
2020-06-25,9.45828914642334,9.47323936643009,9.151567737181917,9.324488051594027,376072000
2020-06-26,9.124408721923828,9.468256186408906,9.094509231682238,9.468256186408906,592084000
2020-06-29,9.169259071350098,9.173744422918276,8.87026129664013,9.139110551241806,342248000
2020-06-30,9.466014862060547,9.494419237845602,9.235537742080382,9.282878685218053,367892000
2020-07-01,9.49815559387207,9.543753337867331,9.38154691760478,9.488936814162441,326648000
2020-07-02,9.580130577087402,9.704961911915024,9.546243794157816,9.606790803004376,364056000
2020-07-06,9.80636978149414,9.875637502865098,9.680043349688747,9.709195749411133,315892000
2020-07-07,9.838766098022461,10.03635351682061,9.81783635508454,9.913017260082748,357800000
2020-07-08,10.181863784790039,10.19083448771981,9.932201081128547,9.96035642783184,365480000
2020-07-09,10.473884582519531,10.534680625125125,10.19930485398848,10.345564945605604,494548000
2020-07-10,10.444231986999512,10.619643499525006,10.344067716193592,10.553366008081527,497676000
2020-07-13,10.018659591674805,10.75618660028211,9.991500360563432,10.559596310858286,457076000
2020-07-14,10.342324256896973,10.367988370836883,9.752800521431915,10.041333369102032,542676000
2020-07-15,10.193074226379395,10.398136195594192,10.022147113755791,10.379449611889603,403984000
2020-07-16,10.100884437561035,10.172643396239954,9.862433724530087,9.98153456717631,344964000
2020-07-17,10.167413711547852,10.21425660221696,10.054044278182229,10.191333687737993,266284000
2020-07-20,10.475627899169922,10.496059580431382,10.122810707249148,10.239918382391592,284852000
2020-07-21,10.293987274169922,10.524714344075875,10.252376826762578,10.477870511785147,277036000
2020-07-22,10.403867721557617,10.56707022385117,10.257109603158328,10.332855851427313,367292000
2020-07-23,10.095902442932129,10.511757913653256,9.997731322444672,10.415081910293424,411660000
2020-07-24,10.160433769226074,10.330114796666884,9.7443293540735,9.842001448963808,473292000
2020-07-27,10.386676788330078,10.406858491880413,10.18360701014886,10.19805917435,292132000
2020-07-28,10.181365013122559,10.34730874833606,10.175136467650624,10.339585085814322,271636000
2020-07-29,10.430529594421387,10.48110979367714,10.312425803409024,10.356029423457086,284508000
2020-07-30,10.578534126281738,10.587503878305732,10.260848834558969,10.340332414431229,308880000
2020-07-31,10.579279899597168,10.730523377908918,10.398136934745201,10.527951671471635,386080000
2020-08-03,10.97346019744873,11.061664504395571,10.679445840959266,10.696638262257496,412720000
2020-08-04,11.190231323242188,11.190231323242188,10.869556790574324,11.013075655293777,310336000
2020-08-05,11.249034881591797,11.333750889975512,11.128937923168527,11.20642832489523,249924000
2020-08-06,11.297621726989746,11.320046580338172,11.141395787272014,11.31182391232998,244316000
2020-08-07,11.162078857421875,11.466309083701073,11.000620449446878,11.27470120348001,342516000
2020-08-10,11.127689361572266,11.370126375265524,10.820220001439681,11.296374257615525,427796000
2020-08-11,10.813742637634277,11.099534237613291,10.759673211580559,11.036744089694036,354512000
2020-08-12,11.402020454406738,11.428680675998256,10.921630806452947,10.954022467175873,464412000
2020-08-13,11.404763221740723,11.682582200872133,11.317805009675435,11.507418736974273,374460000
2020-08-14,11.525360107421875,11.665639736057445,11.402272900359751,11.4914733198314,366436000
2020-08-17,12.2957763671875,12.368283367606518,11.777763445639556,11.811649281095725,621300000
2020-08-18,12.219783782958984,12.454248229106652,12.045867314938667,12.408401446823948,503448000
2020-08-19,12.097940444946289,12.273850054046092,12.057575133532684,12.255412493746544,622624000
2020-08-20,12.10042953491211,12.33364780785689,11.839055920453715,11.934984824565618,921388000
2020-08-21,12.641118049621582,12.765949386676102,12.15449881949741,12.16097734290615,999868000
2020-08-24,12.67774486541748,12.869352704681733,12.465705345293538,12.840698355831849,490564000
2020-08-25,12.707396507263184,12.718608459711986,12.531734981663996,12.588544678672513,289076000
2020-08-26,12.730318069458008,12.825498943255859,12.635386223400946,12.756480239554431,321244000
2020-08-27,12.586054801940918,12.80706411757586,12.524510719284814,12.73879248253304,317604000
2020-08-28,13.1038179397583,13.104066967536749,12.60025620759237,12.632647878057028,537160000
2020-08-31,13.329811096191406,13.529640687301345,12.994186272739771,13.138701279570704,500840000
2020-09-01,13.778938293457031,13.951162079741737,13.395607950206772,13.438975512292684,511316000
2020-09-02,14.302837371826172,14.6819300726852,13.85769550165834,14.65899935732454,874012000
2020-09-03,12.97589111328125,13.842246042871079,12.839557052251902,13.786665808552433,945128000
2020-09-04,12.584084510803223,13.134902778247696,11.669127276635763,12.74484291832361,1463684000
2020-09-08,11.87674331665039,12.51180471357899,11.668628868001777,11.69878640008038,795728000
2020-09-09,12.676302909851074,12.770265792530216,12.19452303243184,12.362261058607643,736200000
2020-09-10,12.27428150177002,13.025488325723183,12.129971432749489,12.949719407008288,698684000
2020-09-11,12.127481460571289,12.61399630457752,11.859549125309416,12.447504698352022,636928000
2020-09-14,12.833073616027832,13.27447610781346,12.592807862169131,13.041189019413128,1201744000
2020-09-15,12.951465606689453,13.258278802427236,12.788712444001021,13.23958567278816,727556000
2020-09-16,12.47641372680664,13.052903844219442,12.475666420048727,12.917816263077135,556384000
2020-09-17,12.425569534301758,12.551435580661911,11.998124322118478,12.095327445749735,792512000
2020-09-18,12.152154922485352,12.594055700378437,11.952265560305177,12.555423930991667,698460000
2020-09-21,12.479155540466309,12.484389539998377,11.868270307160746,11.888708100792234,721044000
2020-09-22,12.599286079406738,12.609504974318051,12.118504568029845,12.536727198929006,646452000
2020-09-23,12.086852073669434,12.688266632716763,12.042488106735847,12.537227011039786,647012000
2020-09-24,12.310420036315918,12.531246325292742,11.977436887126997,12.035510036746839,731240000
2020-09-25,12.834571838378906,12.84429253189715,12.208483684502653,12.409619513315679,588016000
2020-09-28,12.995327949523926,13.012027305730134,12.71119549643303,13.000561948380403,573808000
2020-09-29,13.185500144958496,13.401839758111288,12.893890764359542,12.898127404420933,621460000
2020-09-30,13.489322662353516,13.581042683791333,13.110229910612453,13.117457679149188,689184000
2020-10-01,13.573065757751465,13.720864201885407,13.419783261242403,13.716129357775127,525004000
2020-10-02,13.022497177124023,13.478355249202743,13.011280920376732,13.184752115791957,552496000
2020-10-05,13.600981712341309,13.602726378961242,13.182508924277144,13.195718950444643,479820000
2020-10-06,13.694695472717285,14.098961824596449,13.623413243733525,13.787911060916047,784420000
2020-10-07,13.921504020690918,14.076282106160074,13.821309759284272,13.95714561296807,418084000
2020-10-08,13.796634674072266,14.041637213589913,13.716130905848528,14.032165622756523,378900000
2020-10-09,13.720865249633789,13.782178633228172,13.619176383039175,13.725102840358888,346892000
2020-10-12,14.182706832885742,14.30333889100711,13.87016143335138,13.946926769916578,434744000
2020-10-13,14.204886436462402,14.304831575864272,13.97608508651205,14.252989788658923,344604000
2020-10-14,14.052351951599121,14.299098165483393,13.917513486832869,14.247007276979561,276100000
2020-10-15,13.927484512329102,13.963125149314527,13.725849552912674,13.768718908966557,267224000
2020-10-16,13.7694673538208,14.078524355779496,13.750525122871887,13.994032098702894,242392000
2020-10-19,13.456672668457031,13.940943635695207,13.365949052902085,13.860688970694914,298068000
2020-10-20,13.603972434997559,13.757753145997645,13.4658937231082,13.54216084758087,229212000
2020-10-21,13.483590126037598,13.74952866518979,13.436484126487011,13.583535280397424,219596000
2020-10-22,13.320338249206543,13.570324725736768,13.191481073617357,13.481346730049394,290480000
2020-10-23,13.548891067504883,13.551882196272292,13.250801221454951,13.40906768227874,233484000
2020-10-26,13.101258277893066,13.651080275581299,12.998821141070835,13.386139072977405,336896000
2020-10-27,13.35598087310791,13.401093105478985,13.151354761087697,13.26550635531582,250520000
2020-10-28,12.588571548461914,13.21964548429558,12.57062667854132,13.15783389781271,376520000
2020-10-29,12.984363555908203,13.152599800168861,12.711197266914722,12.799427953115362,320080000
2020-10-30,12.495857238769531,12.897131562141652,12.262569136377055,12.810895580224361,416820000
2020-11-02,12.542463302612305,12.797683780905018,12.357278590415659,12.619228632831366,299652000
2020-11-03,12.979877471923828,13.065117033567683,12.564395814857201,12.66982406903723,272900000
2020-11-04,13.752269744873047,13.78541936200502,13.296411643005507,13.348502540252872,410228000
2020-11-05,14.116908073425293,14.295363240955535,13.948422702036249,14.119400997846638,319028000
2020-11-06,14.517684936523438,14.54435314253284,13.852714945330321,14.066810752574897,383348000
2020-11-09,13.589265823364258,14.64678754010569,13.569327185847,14.508210634120493,582976000
2020-11-10,12.731138229370117,13.565091772254549,12.589819274547791,13.565091772254549,644068000
2020-11-11,13.377164840698242,13.39411330187676,12.908844041066159,13.014023190503698,404744000
2020-11-12,13.415797233581543,13.72410597697715,13.27547564395454,13.437979695502902,365812000
2020-11-13,13.256532669067383,13.627151186548398,13.019506169381641,13.585777393792211,346312000
2020-11-16,13.474116325378418,13.607957421498602,13.115959640055666,13.13240894285223,413776000
2020-11-17,13.381402969360352,13.554873236552991,13.263263834024546,13.51125656747037,312028000
2020-11-18,13.387882232666016,13.564343613010355,13.144874418992327,13.424271129151533,510924000
2020-11-19,13.399348258972168,13.44645425970634,13.060133711995956,13.172540637998559,565936000
2020-11-20,13.047919273376465,13.453431099655287,13.02523765866418,13.413054668904675,341088000
2020-11-23,13.100011825561523,13.341773187004295,12.975890438370167,13.131166723495513,361356000
2020-11-24,12.918315887451172,13.121943675569424,12.84578719687769,13.102503240666222,346500000
2020-11-25,13.194476127624512,13.2291203673147,12.980380278849161,12.992842050889868,259916000
2020-11-27,13.2208890914917,13.366694703992495,13.130415546616407,13.334293351128782,167276000
2020-11-30,13.36071491241455,13.371682067384777,12.932771486384768,13.224630916672167,286952000
2020-12-01,13.349250793457031,13.487578614111854,13.187992253312531,13.451189716731127,296948000
2020-12-02,13.503277778625488,13.63188487918129,13.193971740449491,13.309867972588025,283360000
2020-12-03,13.359176635742188,13.62245088481355,13.292361370106766,13.550149946445117,199520000
2020-12-04,13.520981788635254,13.522726970662992,13.351947356745299,13.411532721541958,202244000
2020-12-07,13.56934642791748,13.693504468227644,13.462890333284715,13.563861706447456,223244000
2020-12-08,13.31330394744873,13.561369918030191,13.244991722634671,13.547657637897526,271920000
2020-12-09,12.8952054977417,13.377126792285601,12.832877299434081,13.263939141754832,401300000
2020-12-10,12.936591148376465,13.032826279491063,12.814178288836267,12.833625416569115,207764000
2020-12-11,12.97747802734375,12.984209578683062,12.787750612850637,12.931603998119142,209264000
2020-12-14,13.27216625213623,13.351946267194858,13.041552116386985,13.05202320769895,270156000
2020-12-15,13.323774337768555,13.426989246049008,13.150502026365718,13.402805875203455,193016000
2020-12-16,13.206100463867188,13.400314984499127,13.17618224051848,13.385605048694739,223116000
2020-12-17,13.30457878112793,13.342723611361109,13.14227589521306,13.330008033914774,231384000
2020-12-18,13.235516548156738,13.368150362579131,13.034570517885129,13.342221811864965,342064000
2020-12-21,13.295601844787598,13.333248320749014,12.931854563865725,13.038809967226198,302332000
2020-12-22,13.241752624511719,13.300590470023122,13.018119166601265,13.282640295513986,185580000
2020-12-23,12.973493576049805,13.2385130898508,12.969255683308148,13.219565258366954,179144000
2020-12-24,12.95803451538086,13.09640321805808,12.90318633714113,13.001414896405095,97884000
2020-12-28,12.864541053771973,13.026594766213018,12.728167672465434,13.026594766213018,212564000
2020-12-29,12.907671928405762,13.036567177285413,12.806949719669266,12.88947258005551,170372000
2020-12-30,13.109614372253418,13.177427290787712,12.86129923874275,12.954541407319397,225396000
2020-12-31,13.01911449432373,13.114850326350101,12.879498986368441,13.10039051897173,192424000
2021-01-04,13.077452659606934,13.614971541756363,12.926867712421455,13.06822839837125,560640000
2021-01-05,13.367902755737305,13.406545935001123,13.051026213036597,13.063740838543046,322760000
2021-01-06,12.579826354980469,13.208593129131398,12.551405089053157,13.186154937221913,580424000
2021-01-07,13.307320594787598,13.340978357195587,12.851078640686227,12.931855368359583,461480000
2021-01-08,13.240253448486328,13.384106839169371,13.006148952979984,13.325768310454082,292528000
2021-01-11,13.584057807922363,13.922625030648138,13.325769911241851,13.381864913182376,518344000
2021-01-12,13.447683334350586,13.716692447420863,13.308317946514132,13.714697138465636,291476000
2021-01-13,13.494555473327637,13.587549434184119,13.348209342128271,13.452920275757835,210028000
2021-01-14,13.16396427154541,13.562366002658122,13.144268918770294,13.537684279966546,283120000
2021-01-15,12.824151992797852,13.288621489742575,12.813182548933598,13.191638823831939,277780000
2021-01-19,12.989446640014648,13.058007089454371,12.808694289194596,12.980470603146165,226188000
2021-01-20,13.329010963439941,13.393582699187647,13.020860317595421,13.07570848862872,258572000
2021-01-21,13.829381942749023,13.960769900780255,13.21657100711801,13.38161577620076,337780000
2021-01-22,13.674808502197266,13.803703761769464,13.589792925099978,13.70223306598084,246820000
2021-01-25,13.61571979522705,13.79048812266603,13.200115399995862,13.743866560222088,251112000
2021-01-26,13.398320198059082,13.607243696761891,13.350700978936148,13.543170311270954,163980000
2021-01-27,12.882242202758789,13.196375916108444,12.758582504651379,13.193633079637165,371272000
2021-01-28,13.01512336730957,13.303080260716598,12.924872267137651,12.960524380947978,228316000
2021-01-29,12.954044342041016,13.29809628981569,12.87600950015219,13.039059912250814,271552000
2021-02-01,13.200613975524902,13.23427078347325,12.867282328759186,13.0173689240045,217204000
2021-02-02,13.519485473632812,13.534692808775095,13.2489803634068,13.361919791975675,220440000
2021-02-03,13.493309020996094,13.893455987895509,13.479347563771617,13.598518301922557,245408000
2021-02-04,13.626689910888672,13.635914172427226,13.30108745905453,13.493805954300223,201340000
2021-02-05,13.553642272949219,13.699491001067766,13.5085167116583,13.68727472567614,169152000
2021-02-08,14.399059295654297,14.433962931281032,13.689514984947099,13.689514984947099,434624000
2021-02-09,14.224043846130371,14.5431639329221,14.183405356666661,14.301330207183,287560000
2021-02-10,14.723664283752441,14.864027306919034,14.302076862608281,14.423492061708066,485352000
2021-02-11,15.208829879760742,15.230271368597624,14.883975869271497,14.93907417108014,450828000
2021-02-12,14.920124053955078,15.249216856966784,14.73438534273761,15.00862997928257,374756000
2021-02-16,15.288111686706543,15.330246186065928,14.908906898789846,15.022843043593907,321960000
2021-02-17,14.865025520324707,15.181652869069381,14.739371474363644,15.12929646180481,274756000
2021-02-18,14.788238525390625,14.832366426903295,14.534936058505934,14.688513024909678,233868000
2021-02-19,14.885470390319824,15.135281542586627,14.805939546070965,14.983200582071147,271724000
2021-02-22,14.316288948059082,15.091651905517747,14.285623199863032,14.734136872236576,325884000
2021-02-23,14.103126525878906,14.199610837191486,13.35269447286327,14.036559483969578,391780000
2021-02-24,14.459142684936523,14.466871890399343,13.718185118498983,14.083927659167632,448320000
2021-02-25,13.27092170715332,14.335238419907855,13.17992305761322,14.006893090986821,824436000
2021-02-26,13.676801681518555,13.816416237507147,13.324273025541691,13.71469638167772,500932000
2021-03-01,13.803703308105469,13.88672452437137,13.515996475820742,13.83686176922663,353184000
2021-03-02,13.369399070739746,13.88223530907015,13.359177154508128,13.861791476606916,264116000
2021-03-03,12.769552230834961,13.41452391633515,12.763568206502914,13.38934384192077,377592000
2021-03-04,12.336249351501465,12.939337790212365,12.050536837301294,12.765566126051933,573344000
2021-03-05,12.427245140075684,12.51550188802097,11.647145039370162,12.51550188802097,542840000
2021-03-08,11.561382293701172,12.436968120506013,11.53470526212684,12.415776761591959,543112000
2021-03-09,12.490144729614258,12.586412134756065,12.030252786567042,12.10108216233075,521824000
2021-03-10,12.43826961517334,12.948788350784676,12.427545646861628,12.809624121831169,384376000
2021-03-11,12.962255477905273,13.014879220865792,12.703878446520958,12.918860131645657,299916000
2021-03-12,12.825088500976562,12.857759885043306,12.559728286792936,12.61783770315858,243964000
2021-03-15,13.159529685974121,13.174992482607134,12.73654946497794,12.833814860693973,221988000
2021-03-16,13.259292602539062,13.48001020802936,13.085211707959399,13.32438515912402,272128000
2021-03-17,13.309170722961426,13.420900926313383,12.958266150296865,13.00839537496323,243864000
2021-03-18,12.691905975341797,13.152296370953078,12.68641936105696,13.104910936986556,293896000
2021-03-19,12.814860343933105,12.890428541929326,12.582171563045334,12.719340733621905,299208000
2021-03-22,13.154540061950684,13.362289317845523,12.875712182748373,12.881698271782794,297804000
2021-03-23,13.039320945739746,13.312412052854992,12.989939506760008,13.222379048396682,222048000
2021-03-24,12.61259937286377,13.12760865112876,12.606364971908212,13.119627514303462,245840000
2021-03-25,12.505107879638672,12.684176838550286,12.24249148281004,12.469444406077091,295144000
2021-03-26,12.808375358581543,12.825334676954393,12.343745595818039,12.524310105669937,363968000
2021-03-29,12.917116165161133,13.031091637362689,12.66946306671944,12.789423678283432,273520000
2021-03-30,12.84079647064209,12.944047943810501,12.674447509235845,12.81111814149672,200204000
2021-03-31,13.31615161895752,13.438107246479305,12.951280832298298,12.984201469012627,314776000
2021-04-01,13.77854061126709,13.83665002631249,13.4787622838227,13.539616433759079,308276000
2021-04-05,13.953866004943848,13.980302032176994,13.699977584620715,13.834154669761228,255672000
2021-04-06,13.828169822692871,14.020456332659267,13.740382073163454,13.966087750801348,191744000
2021-04-07,14.109492301940918,14.20925128125654,13.678530885485294,13.847373459830573,251284000
2021-04-08,14.282575607299805,14.436704124469879,14.214738319634023,14.218480102035985,244416000
2021-04-09,14.365373611450195,14.373354747720487,14.14091521365383,14.179820993441329,195172000
2021-04-12,15.172428131103516,15.315583398824293,14.105250615328751,14.255389020431952,869324000
2021-04-13,15.641796112060547,15.662246999655242,15.089377642067435,15.194873435364462,676212000
2021-04-14,15.240266799926758,15.682699968030521,15.19088535866127,15.58742960589037,385500000
2021-04-15,16.098445892333984,16.175260396689723,15.593911407308882,15.62483699906746,598480000
2021-04-16,15.874239921569824,16.12688112198057,15.82710278490525,16.01440121656784,335208000
2021-04-19,15.324810981750488,15.769489372927668,15.196370724579516,15.499141107404187,404420000
2021-04-20,15.134770393371582,15.459736511655237,14.927021094143807,15.286404377411316,334132000
2021-04-21,15.323565483093262,15.325560529414375,15.065936218178726,15.082396063863788,216776000
2021-04-22,14.814541816711426,15.401377489777921,14.747951796422132,15.338029776421406,277788000
2021-04-23,15.228544235229492,15.298126350819684,14.864422122239874,14.8983398121262,227500000
2021-04-26,15.440780639648438,15.44177863839205,15.088629790314261,15.14848593040417,197796000
2021-04-27,15.344762802124023,15.632818162892187,15.317578038871357,15.541039380564843,164572000
2021-04-28,15.240017890930176,15.49490435320835,15.178915428032598,15.327557336918415,209416000
2021-04-29,15.287901878356934,15.399382827510305,15.035260691362996,15.362970613895573,173196000
2021-04-30,14.973406791687012,15.32805215542235,14.960937040225707,15.138010935948024,201912000
2021-05-03,14.80107593536377,15.21008996219256,14.751944704208166,15.088632824702747,203912000
2021-05-04,14.316740036010742,14.602301820585291,13.976560415682533,14.60205255874538,405324000
2021-05-05,14.423731803894043,14.777878636254773,14.352902437421896,14.673629156880727,292024000
2021-05-06,14.488077163696289,14.536211337658232,14.1838112261219,14.460393877260257,193380000
2021-05-07,14.776632308959961,14.93475089512991,14.636470089527306,14.772642216658582,229328000
2021-05-10,14.231447219848633,14.770397986562724,14.215735160013324,14.751692881602263,268904000
2021-05-11,14.2718505859375,14.320234029744187,13.716938456215807,13.791757930246193,285584000
2021-05-12,13.725418090820312,14.225961636461733,13.67628686146137,13.975814018891231,303408000
2021-05-13,13.632391929626465,14.046893505234245,13.42663766448219,14.000005633170424,285404000
2021-05-14,14.208751678466797,14.293547327705214,13.71544058063384,13.856600805253224,258616000
2021-05-17,14.131439208984375,14.135180040011685,13.82019008010869,14.12295954801123,216980000
2021-05-18,13.982049942016602,14.369616031307121,13.970327973432239,14.232696093578403,186256000
2021-05-19,14.031927108764648,14.045644121126033,13.510683493175241,13.533877212439926,344000000
2021-05-20,14.577363967895508,14.648442606942425,14.23618631019407,14.26810895417662,321592000
2021-05-21,14.955699920654297,15.185396608759051,14.833744284334905,15.127286253137711,672992000
2021-05-24,15.574459075927734,15.707138679101547,15.139506681126331,15.175918888585613,554816000
2021-05-25,15.610123634338379,15.78046271741697,15.445271166237749,15.728089186198519,435408000
2021-05-26,15.662249565124512,15.755774145670296,15.548773568780533,15.696417470659599,370440000
2021-05-27,15.450757026672363,15.712127097669416,15.422824478053286,15.661997876985225,581476000
2021-05-28,16.205434799194336,16.238356385304378,15.463723946253047,15.463723946253047,644536000
2021-06-01,16.225387573242188,16.348840670153905,15.865006366078582,16.23087513865415,472804000
2021-06-02,16.7379093170166,16.878072528746927,16.196464859957477,16.213174922341793,594168000
2021-06-03,16.928937911987305,17.217493602139708,16.543118760245328,16.66058574385611,580008000
2021-06-04,17.535978317260742,17.618527735126893,17.054389306060227,17.071346719208464,617120000
2021-06-07,17.576629638671875,17.769664831019018,17.151406122849675,17.528995897861442,575756000
2021-06-08,17.415023803710938,17.579127533223744,17.209517870586684,17.485104439825335,323848000
2021-06-09,17.32048225402832,17.53676175397874,17.2182062592392,17.477640789648753,381656000
2021-06-10,17.3870849609375,17.453940518487308,17.138628103972838,17.312249292000583,287772000
2021-06-11,17.786460876464844,17.900213119387068,17.405790819740933,17.441462460375565,416308000
2021-06-14,17.97953987121582,18.00024476423905,17.62431554331677,17.867036117076452,321376000
2021-06-15,17.749792098999023,17.977047292047796,17.6894245538106,17.87601791631772,243032000
2021-06-16,17.771495819091797,17.915682130844626,17.546237061351018,17.752039421717864,307124000
2021-06-17,18.616653442382812,18.794016313609266,17.71761484251838,17.735824645418788,809656000
2021-06-18,18.598194122314453,19.332842043852928,18.54356281099688,18.743128393374096,968856000
2021-06-21,18.387157440185547,18.49617076329271,17.783972843404893,18.3951394558826,672384000
2021-06-22,18.845651626586914,18.922485642518183,18.345991671655227,18.431306338920116,580144000
2021-06-23,19.015785217285156,19.111078376934913,18.866610598820856,18.96639340423881,332356000
2021-06-24,19.163705825805664,19.377739470457943,19.04671053647871,19.185908533421827,320924000
2021-06-25,18.989591598510742,19.303408101680237,18.85338919538303,19.23854899882005,278364000
2021-06-28,19.941513061523438,20.03505906064387,19.276961918357816,19.31911966222412,495436000
2021-06-29,19.983169555664062,20.055011472844956,19.614223208916695,19.839232595971524,367632000
2021-06-30,19.958972930908203,20.118624601358622,19.820524789777192,19.955729881454808,326568000
2021-07-01,20.168020248413086,20.411488806867112,19.975439408764807,20.08120965981684,480136000
2021-07-02,20.442424774169922,20.460636482580096,20.24360902462864,20.395777373905172,342764000
2021-07-06,20.653459548950195,20.7966466673471,20.305967907582982,20.6923742430402,446708000
2021-07-07,20.327423095703125,20.829578198509008,20.287760440149647,20.808125345658777,418428000
2021-07-08,19.85944366455078,20.089192070275907,19.657883530876774,19.81329490884924,503300000
2021-07-09,20.006622314453125,20.036557723430114,19.711266844701097,19.91906376493343,296624000
2021-07-12,20.46786880493164,20.488073160672595,20.14382451126904,20.19596073217783,321984000
2021-07-13,20.205936431884766,20.416727060901955,20.070232684721518,20.356108292394367,290708000
2021-07-14,19.798324584960938,20.373320751511894,19.70976876914669,20.313451843322152,380100000
2021-07-15,18.92498016357422,19.803814364622088,18.817464681338382,19.76864135557301,550564000
2021-07-16,18.12148094177246,19.115313933860246,18.033673084578535,18.989090020194087,688224000
2021-07-19,18.7388858795166,19.000564215741964,17.826623972951662,17.876266995353383,749060000
2021-07-20,18.571500778198242,18.797008846585275,18.124475648348096,18.689244046846238,434687000
2021-07-21,19.367765426635742,19.484511423689785,18.701219665619544,18.840914429138287,371017000
2021-07-22,19.55136489868164,19.84372662347577,19.23405604931324,19.599260789514425,323826000
2021-07-23,19.51544189453125,19.657133097118134,19.20811154644152,19.613228217905828,195672000
2021-07-26,19.252017974853516,19.399694747654213,18.87284376750394,19.268981181750604,203943000
2021-07-27,19.16620445251465,19.57930316589248,18.70021966396074,19.22307963138905,248863000
2021-07-28,19.460561752319336,19.603250234288385,18.953667738331994,19.276962120891056,202191000
2021-07-29,19.61922264099121,19.809807072891118,19.285947776819526,19.476532208719433,190781000
2021-07-30,19.456571578979492,19.5872851431943,19.221085043730636,19.375746552479082,183497000
2021-08-02,19.70702362060547,19.917564922094176,19.318870152980445,19.657133182845243,217444000
2021-08-03,19.771886825561523,20.178000859139566,19.178180215430835,19.697049250153903,301811000
2021-08-04,20.229881286621094,20.27378616110394,19.78485079050306,19.94649891197345,231309000
2021-08-05,20.59209442138672,20.687886201830914,20.297736245228386,20.455393391942923,211435000
2021-08-06,20.321683883666992,20.525240462439864,20.16602319439342,20.47934102800234,178497000
2021-08-09,20.25084114074707,20.463377029370942,20.099171444077207,20.401511658192522,146443000
2021-08-10,19.892620086669922,20.3855446250121,19.79183812695065,20.277779830942073,179238000
2021-08-11,19.65613555908203,20.005374360631798,19.387721785320753,19.999386898603387,185925000
2021-08-12,19.861692428588867,19.985421280805333,19.577312668919134,19.826768732011793,151652000
2021-08-13,20.144067764282227,20.170012159018622,19.80780123083152,19.861684571777587,183063000
2021-08-16,19.906591415405273,20.242858028146486,19.410671196851336,20.091188339703365,210876000
2021-08-17,19.415658950805664,19.726980302862234,19.225074588155476,19.64216427592462,204585000
2021-08-18,18.99856948852539,19.591276795483786,18.958655615799096,19.457567605688546,285913000
2021-08-19,19.75492286682129,20.45040680217333,18.72117584406825,19.451583472432365,766555000
2021-08-20,20.770708084106445,20.819601255693943,19.88962991307706,19.947502375577354,675741000
2021-08-23,21.910219192504883,21.949133886284063,20.90441319662244,20.925367408903398,575807000
2021-08-24,21.74557876586914,21.911217923393153,21.488140739836844,21.705666793578075,297299000
2021-08-25,22.1646671295166,22.421107904924323,21.67473624969195,21.689703002878087,347701000
2021-08-26,22.019983291625977,22.29139081056944,21.74258831034155,22.151696043936546,237940000
2021-08-27,22.586742401123047,22.67255570156208,22.118763109982105,22.135726314905988,304722000
2021-08-30,22.63863182067871,22.992858902417474,22.50193079339526,22.780323034013886,262580000
2021-08-31,22.340229034423828,22.649608484899172,22.07575965768957,22.649608484899172,259850000
2021-09-01,22.3961181640625,22.651606683869026,22.312286528869905,22.44003078877317,201767000
2021-09-02,22.351207733154297,22.547814234143726,22.25040990145663,22.472963473317794,187834000
2021-09-03,22.797313690185547,22.940027335421902,22.155600060730343,22.280350056785053,280532000
2021-09-07,22.616674423217773,22.853199912575004,22.47695314260106,22.7873319343025,198107000
2021-09-08,22.294321060180664,22.56477894891191,21.933043670532644,22.467972834208314,254434000
2021-09-09,22.132644653320312,22.49292269156831,22.08673712828477,22.26737487326851,196856000
2021-09-10,22.433046340942383,22.580749164339206,22.225462142459637,22.303305265123626,248376000
2021-09-13,22.107696533203125,22.91807281122728,21.814283907426397,22.638632124604968,297500000
2021-09-14,22.19751739501953,22.365180670228554,22.041829252239435,22.230450436849587,199755000
2021-09-15,22.296316146850586,22.32226511976402,21.92206617131034,22.26438056010112,166538000
2021-09-16,22.19751739501953,22.23244724402141,21.883146850468606,22.13863537762579,156033000
2021-09-17,21.856199264526367,22.27635678563001,21.78633957022575,22.25539887733983,294503000
2021-09-20,21.070775985717773,21.390135698092887,20.62067774864636,21.103709028083614,349440000
2021-09-21,21.203508377075195,21.38214932706366,20.908100847929244,21.374165905704942,204688000
2021-09-22,21.89712142944336,21.916082533958143,21.153610474925514,21.32327057775638,268726000
2021-09-23,22.43703842163086,22.48993192398101,21.846221407705706,22.095721430739474,248555000
2021-09-24,22.036836624145508,22.104701413701314,21.817277316905088,22.025858944313566,217655000
2021-09-27,21.616682052612305,21.755404005848817,21.282352932207125,21.666581296288438,245215000
2021-09-28,20.65760040283203,21.376161586195817,20.6096960701366,21.17157167227337,343069000
2021-09-29,20.47596549987793,20.97496548286546,20.426064359458852,20.898119820507343,218394000
2021-09-30,20.67456817626953,21.023868566643813,20.646624297322308,20.72646422339066,221009000
2021-10-01,20.70051383972168,20.81727849941255,20.16259044898202,20.708497259991052,240978000
2021-10-04,19.692535400390625,20.500914828409346,19.515889363226243,20.462990723640694,345635000
2021-10-05,20.410093307495117,20.606699762772415,19.814287328874844,19.91009597589055,279282000
2021-10-06,20.658601760864258,20.67856031514405,20.03984089337405,20.07976180900169,297202000
2021-10-07,21.03285026550293,21.279356000810225,20.93005562833921,21.04981455953654,256919000
2021-10-08,20.789339065551758,21.163589095973563,20.73345130466113,21.05879954430364,151258000
2021-10-11,20.653608322143555,21.020872328180136,20.469976319125266,20.533849396085518,163388000
2021-10-12,20.629653930664062,21.014881543696976,20.48694030579974,20.786339492178964,162134000
2021-10-13,20.897119522094727,20.948018111964863,20.671571707474783,20.87616161512475,180652000
2021-10-14,21.70250701904297,21.711487891625207,21.07975450727623,21.245422863057826,243589000
2021-10-15,21.81827735900879,21.887139608488418,21.61867848423863,21.76638130893241,226994000
2021-10-18,22.177555084228516,22.246417324659074,21.600710090922558,21.705501532705583,189494000
2021-10-19,22.245426177978516,22.334246995964126,21.992931859346232,22.231452332050818,161473000
2021-10-20,22.058792114257812,22.38813200041304,21.938033838745277,22.260387756156813,146276000
2021-10-21,22.6466121673584,22.665575169686875,22.038831001281128,22.052802938351096,187590000
2021-10-22,22.6805477142334,23.083739042087227,22.515878704929623,22.777353835554827,249384000
2021-10-25,23.119670867919922,23.30829206600936,22.724462916512785,22.92705605520144,230235000
2021-10-26,24.667566299438477,25.208484047502996,23.87615299049718,23.941023526757064,485898000
2021-10-27,24.402097702026367,25.039819627754433,24.23343508120034,24.425052417274276,245990000
2021-10-28,24.89111328125,24.900096056194425,24.47395009103581,24.82823956723975,234204000
2021-10-29,25.515867233276367,25.65758344122297,24.950001756876496,24.95099920872896,292503000
2021-11-01,25.775346755981445,25.84221219536564,25.176546349928994,25.597703250995217,265740000
2021-11-02,26.34819793701172,26.624644372488763,25.74840008481029,25.77035734947845,294112000
2021-11-03,26.544801712036133,26.730430521344747,26.182528772964595,26.616658209529835,239910000
2021-11-04,29.741397857666016,31.302268996700604,27.063763360503756,27.174541418674576,1153631000
2021-11-05,29.692495346069336,31.33719807733602,29.351178403482844,30.12662479171835,851260000
2021-11-08,30.742395401000977,31.037802953410704,29.84718806285127,30.088704661544746,503101000
2021-11-09,30.595687866210938,32.24538377071297,29.904074926394905,32.217439890459154,646746000
2021-11-10,29.400081634521484,30.788300380706787,28.72044387817383,29.297288898468018,636206000
2021-11-11,30.329219818115234,30.528820582340575,29.717446845019683,30.407064839506024,332172000
2021-11-12,30.329219818115234,30.61864073588858,29.570739579006492,29.949980650327845,413054000
2021-11-15,29.96495246887207,30.582714009858144,29.188508516860704,30.490898945279636,384909000
2021-11-16,30.142593383789062,30.329219659551242,29.646587638275633,29.699483039745203,264484000
2021-11-17,29.20247459411621,30.447979558927965,28.742396201116993,30.357160060926805,428508000
2021-11-18,31.61164665222168,32.69447564993175,31.25835458975729,32.302263935805456,781711000
2021-11-19,32.919036865234375,33.0218315243574,31.841196736537437,32.17852014582844,533867000
2021-11-22,31.892086029052734,34.5777039004289,31.83619827506484,33.44996288206681,754335000
2021-11-23,31.682512283325195,32.295284680366734,30.818243047480856,31.471933815159197,532163000
2021-11-24,32.6086540222168,32.789291790947665,30.86614561342591,31.398080594044345,435162000
2021-11-26,31.439990997314453,32.64457569977464,31.287297134980996,32.534795102032355,283069000
2021-11-29,33.30924606323242,33.345173361234245,31.97192596669806,32.30126778036149,454964000
2021-11-30,32.610652923583984,33.28630100194642,31.80027839811367,33.102667048084335,622066000
2021-12-01,31.375972747802734,33.22649341521758,31.32107571883393,33.15662516153625,484368000
2021-12-02,32.065673828125,32.41701403682196,30.96674143360622,31.155387614153444,472890000
2021-12-03,30.63536262512207,32.06866679334189,30.073418249201556,31.93990742713199,544325000
2021-12-06,29.980594635009766,30.184210114917633,27.985347978050683,29.823887970339566,658938000
2021-12-07,32.366111755371094,32.388073615055234,30.59344738149889,30.898874482288186,593053000
2021-12-08,31.7662353515625,32.229364723806796,31.36199520064279,31.93891081636006,475551000
2021-12-09,30.432748794555664,32.14453060052449,30.370864937617956,31.67441242184812,488507000
2021-12-10,30.141292572021484,31.246214139872283,29.804925514841155,31.091504521615164,488825000
2021-12-13,28.108118057250977,30.237113995761902,28.063202482925423,30.19219842143635,598344000
2021-12-14,28.283788681030273,28.624147955321842,27.198829956001816,27.6469862299254,667035000
2021-12-15,30.401803970336914,30.442727346391397,27.78572537359082,28.346670328673337,698297000
2021-12-16,28.333696365356445,31.10149017055974,28.040249693631466,31.09350577104492,707366000
2021-12-17,27.748794555664062,28.8676897779906,27.70787118188826,27.93244904695444,713758000
2021-12-20,27.666946411132812,28.091147543020025,27.094024918500715,27.25372430253591,461847000
2021-12-21,29.02040672302246,29.06532230281092,27.349548297152086,28.320722775354362,524385000
2021-12-22,29.344791412353516,29.499501034033823,28.395577015619892,28.83674835493827,395184000
2021-12-23,29.584339141845703,30.002552936176322,29.375731983483323,29.69912295763696,343022000
2021-12-27,30.886892318725586,31.02862587436844,29.5843424948647,29.60430539650839,403686000
2021-12-28,30.265064239501953,31.27117091775834,29.95564496237045,31.253205067033612,420591000
2021-12-29,29.944660186767578,30.49063385175844,29.310852433007796,30.216150658559616,343139000
2021-12-30,29.530439376831055,30.399803970689568,29.484526234721397,29.77098601384982,308864000
2021-12-31,29.355775833129883,29.973614955782228,29.275926121014372,29.618282499419458,266530000
2022-01-03,30.06443977355957,30.65333203753287,29.729070264899562,29.759014616950886,391547000
2022-01-04,29.235002517700195,30.4107900618583,28.295769466721307,30.22014872146046,527154000
2022-01-05,27.552167892456055,29.360765763162373,27.48130206247619,28.894641692408015,498064000
2022-01-06,28.12508773803711,28.384599746692302,27.014178729970627,27.588097870851954,454186000
2022-01-07,27.195837020874023,28.36863182128929,27.00619325798991,28.08815932852312,409939000
2022-01-10,27.348548889160156,27.41741956713519,25.595845724694332,26.531086534088946,594681000
2022-01-11,27.764766693115234,28.012302113287383,26.788604374623805,27.271694808280543,404089000
2022-01-12,27.94642448425293,28.541304091564665,27.55615795137803,28.01429568316571,383413000
2022-01-13,26.525096893310547,28.426518370331,26.44823991906949,28.325708200729384,540171000
2022-01-14,26.891408920288086,27.14593115848473,26.160783087768532,26.25061424198298,395832000
2022-01-18,25.854358673095703,26.58797908364764,25.7216090020734,26.2106886411857,424270000
2022-01-19,25.019927978515625,26.49315614018337,25.00495675510724,26.03002865451013,488315000
2022-01-20,24.104652404785156,25.530969979434104,24.03278709885486,25.256486736335646,435181000
2022-01-21,23.33011245727539,24.776391154654792,23.219320815029523,23.462862151649652,718958000
2022-01-24,23.328115463256836,23.336099863365643,20.848780275344495,22.288072150275717,913982000
2022-01-25,22.282079696655273,22.899918732655927,21.958688693508016,22.503662949858125,664616000
2022-01-26,22.72923469543457,24.011821378088605,22.258120965734406,23.19635622630508,755959000
2022-01-27,21.902790069580078,23.949938947045837,21.63429423832644,23.52374079455365,573353000
2022-01-28,22.79711151123047,22.815077360782375,21.256010188975853,21.970665297939476,543774000
2022-01-31,24.440017700195312,24.46297522421646,23.008710599499196,23.13846563430385,564680000
2022-02-01,24.591739654541016,25.0977876700974,23.845143018680165,25.056864287046093,518925000
2022-02-02,25.19460678100586,25.768526031990774,24.506899350194537,25.74557040421184,543419000
2022-02-03,23.903032302856445,25.029912066996005,23.735348490953484,24.412074893833932,410178000
2022-02-04,24.273332595825195,24.588739177218162,23.58762241066988,23.926984090983428,354829000
2022-02-07,24.681568145751953,25.134714224947395,24.156554856715452,24.326235718859127,376868000
2022-02-08,25.060853958129883,25.18262461713402,23.93497176962916,24.313259823620026,410359000
2022-02-09,26.65485191345215,26.674814813336624,25.305391483792267,25.573885443300902,524282000
2022-02-10,25.7755069732666,26.874439342581965,25.55192857628441,25.946187300267976,513200000
2022-02-11,23.90403175354004,26.10289632824453,23.72836352835501,25.867339390877625,605472000
2022-02-14,24.22142791748047,24.828285924188492,23.71038839366315,23.88905309300008,440424000
2022-02-15,26.445247650146484,26.495152996985595,24.73746018087607,24.902149348458707,699869000
2022-02-16,26.46121597290039,26.53208369636032,25.504017197511143,26.209690287916487,732676000
2022-02-17,24.460981369018555,25.736581452365122,24.11962451189877,25.58187182193536,810595000
2022-02-18,23.597604751586914,24.939080822959642,23.056622713383796,24.621677178101823,761255000
2022-02-22,23.34608268737793,24.018816982146458,22.95681555457121,22.991749686809385,633422000
2022-02-23,22.344959259033203,24.109640738571336,22.259122217935253,23.757302986970867,566511000
2022-02-24,23.703407287597656,23.755309692262692,20.850773986561148,20.97553927255784,735801000
2022-02-25,24.11163902282715,24.171525825370416,23.337097078130533,23.67645879882094,528866000
2022-02-28,24.339208602905273,24.618683487352886,23.66248229484239,23.94694695233063,477319000
2022-03-01,23.43291473388672,24.331226258379807,23.088563252009074,24.24538730545337,412056000
2022-03-02,24.178640365600586,24.367318703881534,23.37501661218391,23.715433912186374,389642000
2022-03-03,23.673503875732422,24.284458264860728,23.428921428845516,24.22056647728967,365095000
2022-03-04,22.896831512451172,23.639560416986598,22.443606365785563,23.3440663877971,431415000
2022-03-07,21.315536499023438,22.99366751768787,21.293574708172034,22.778034872590876,450821000
2022-03-08,21.47726058959961,22.33479293322112,20.6147357181617,21.27261074323102,557467000
2022-03-09,22.97469711303711,23.180344686020035,22.209006781508812,22.348767083138828,492742000
2022-03-10,22.619306564331055,22.749083717994683,21.844630809621485,22.492522642258592,428066000
2022-03-11,22.0622615814209,23.105477175893597,22.00835294083889,22.982686118608612,367209000
2022-03-14,21.2935733795166,22.223980954066924,21.122865878879807,21.831652454533078,385354000
2022-03-15,22.93376922607422,22.998658760543933,21.285589521638904,21.48125396490625,491996000
2022-03-16,24.454166412353516,24.55499375860864,23.132428112457045,23.45986707580395,671422000
2022-03-17,24.72370719909668,24.799575721071584,23.865175234327694,24.078810481624476,471941000
2022-03-18,26.40782356262207,26.523626588900953,24.58194849988739,24.75664887906933,730719000
2022-03-21,26.688344955444336,27.1056322996586,25.9226545818627,26.46173332477092,591727000
2022-03-22,26.47870445251465,27.191485837108747,26.02747667962691,26.681356900710014,547007000
2022-03-23,25.590221405029297,26.56654985025248,25.531322153740494,26.081379810961344,502120000
2022-03-24,28.101924896240234,28.27163464548026,25.862755473361197,26.12131392862326,877379000
2022-03-25,27.644710540771484,28.30957359578067,27.224429943545722,27.838379495828804,579016000
2022-03-28,28.170812606811523,28.201759807765967,27.159541935814797,27.708603888686447,425494000
2022-03-29,28.60706329345703,28.896567060285996,27.932217127992292,28.64599625005715,488984000
2022-03-30,27.64271354675293,28.447336874317333,27.456032617686752,28.255665321691023,463487000
2022-03-31,27.23940086364746,28.19975787440117,27.223429345785988,27.734554095087923,523440000
2022-04-01,26.666385650634766,27.449047263880143,26.222145851142127,27.328253597824915,517235000
2022-04-04,27.313278198242188,27.51094002983232,26.56755410197447,26.682357489080253,397120000
2022-04-05,25.886714935302734,27.27234500388807,25.775904439568993,27.20745547738951,436615000
2022-04-06,24.365318298339844,25.256792918597675,23.96200890348851,24.891418735507823,703833000
2022-04-07,24.166658401489258,24.679780544970512,23.437905533138704,24.39926029223426,557992000
2022-04-08,23.079517364501953,23.8821451640923,23.022615499945015,23.876154892846948,524781000
2022-04-11,21.879573822021484,22.281885527688033,21.623012711854688,22.17606754119229,575207000
2022-04-12,21.4672794342041,22.68619512223395,21.245658400016854,22.498516425625077,662258000
2022-04-13,22.165084838867188,22.4615785593491,21.41836294565122,21.690897481443102,516943000
2022-04-14,21.221696853637695,22.73810384262481,21.12685977186601,22.466567076302507,569097000
2022-04-18,21.74580192565918,22.05027947506666,21.04300368037441,21.163797337042734,525701000
2022-04-19,22.160093307495117,22.33479370527867,21.277602102469054,21.682908929418428,512781000
2022-04-20,21.445314407348633,22.631285322979373,21.163796404887236,22.47854673100078,468974000
2022-04-21,20.14853286743164,22.35376006262199,19.965844823683895,21.671925898282147,656209000
2022-04-22,19.481672286987305,20.451014713943,19.466698512825126,20.26832667198084,624713000
2022-04-25,19.868013381958008,19.91093921882449,19.063390048047005,19.16920802436078,641566000
2022-04-26,18.75591278076172,19.754204917984023,18.63811427810403,19.684324773033044,653143000
2022-04-27,18.383554458618164,19.134269205770206,18.258767915415245,18.566240617386796,499460000
2022-04-28,19.748214721679688,20.002780283921883,18.458421458319943,18.93460609363147,570327000
2022-04-29,18.51532745361328,20.093626894168178,18.485378000301736,19.368866880032883,500435000
2022-05-02,19.499643325805664,19.54057176926046,18.35959338634097,18.509336841963925,572049000
2022-05-03,19.56852149963379,19.791142120871008,19.100322630550238,19.366866825696302,475751000
2022-05-04,20.299274444580078,20.365161718492175,18.718977614571205,19.888977026520188,648855000
2022-05-05,18.81181526184082,19.89096834385009,18.468402933575906,19.833068745403253,626331000
2022-05-06,18.643104553222656,19.478674949861936,17.959274985127017,18.704001195024627,633297000
2022-05-09,16.921056747436523,18.22382671504787,16.79826568688899,18.00320533103129,644455000
2022-05-10,17.56495475769043,18.166925737461128,16.995928372796758,17.65879410974941,761474000
2022-05-11,16.601600646972656,17.722684032809344,16.539708152277523,17.31737720883455,670167000
2022-05-12,16.14737319946289,16.759327096362313,15.540412781166093,16.191298674347138,708728000
2022-05-13,17.67576026916504,17.897381249402734,16.56466213664681,16.759328802187234,670437000
2022-05-16,17.234516143798828,17.757621413958393,17.076786938936518,17.479098565829666,521446000
2022-05-17,18.145957946777344,18.339626883509194,17.60388599597196,18.043133207106575,585830000
2022-05-18,16.909074783325195,18.087060007561064,16.835201746851723,17.67476517907851,545161000
2022-05-19,17.094755172729492,17.65679337398476,16.705419942914983,16.908074268152976,621310000
2022-05-20,16.665496826171875,17.380273928205845,15.728099949903228,17.30240798928745,739105000
2022-05-23,16.869142532348633,16.88611369799627,16.151370568247856,16.24620764301638,639889000
2022-05-24,16.12641143798828,16.568655672206447,15.753050560952556,16.481804357923348,588550000
2022-05-25,16.94601058959961,17.081778009823868,15.972675307246048,15.992641608362012,781132000
2022-05-26,17.820512771606445,18.061100399775583,15.99463598065701,16.008612009645333,996575000
2022-05-27,18.77887725830078,18.848757414573335,18.06909099199113,18.15494457145089,738379000
2022-05-31,18.640113830566406,19.167212018261754,18.318663222436633,18.947586503994447,664100000
2022-06-01,18.288713455200195,19.020461466016048,18.09105163821,18.692024752314552,544514000
2022-06-02,19.558544158935547,19.585498480806862,18.16692542342372,18.260764773860576,648656000
2022-06-03,18.688026428222656,19.298982577429456,18.49036464867983,19.049409565761515,598779000
2022-06-06,18.75391960144043,19.303979286674377,18.5322985753373,19.10631744480604,422406000
2022-06-07,18.8936824798584,18.967555523082233,18.15694182338026,18.4404572598816,388914000
2022-06-08,18.62009048461914,19.151293835413707,18.50725874187541,18.77086355538955,363252000
2022-06-09,18.020986557006836,18.90466214050548,18.013997064897136,18.45333901757023,395574000
2022-06-10,16.948596954345703,17.670514456691603,16.843752654177802,17.573659508927918,465248000
2022-06-13,15.623581886291504,16.28758656135301,15.582642884178728,15.976053248755155,604153000
2022-06-14,15.812297821044922,16.041953110191248,15.38893170645206,15.707454485208673,469680000
2022-06-15,16.50226593017578,16.842755189557263,15.902164608969189,16.070911354071416,563936000
2022-06-16,15.577649116516113,15.918139282645747,15.377948655928876,15.836261284395105,545749000
2022-06-17,15.856231689453125,15.971059334411734,15.305057850955519,15.62457858553492,630334000
2022-06-21,16.541202545166016,16.98254035712696,16.382440154156075,16.450339158070168,483089000
2022-06-22,16.33551597595215,16.637064043706904,16.155785062066073,16.201715745427563,437135000
2022-06-23,16.20071792602539,16.560177852309664,15.829273970737953,16.49427664363324,463680000
2022-06-24,17.100366592407227,17.114345577356953,16.285587932705912,16.47530408880498,472153000
2022-06-27,16.843751907348633,17.30406237753292,16.60111557126495,17.286089668284855,427968000
2022-06-28,15.958081245422363,17.176254673926298,15.921135965503867,16.874706609804687,461149000
2022-06-29,15.518738746643066,15.796322553618783,15.147295762714824,15.790331967796002,482352000
2022-06-30,15.136314392089844,15.543703797384966,14.839758932134012,15.338011756429367,686070000
2022-07-01,14.501262664794922,15.040454389186225,14.370459171454637,14.876700295756732,577610000
2022-07-05,14.941604614257812,14.948594107580318,14.033965580495938,14.15378587413047,651397000
2022-07-06,15.107353210449219,15.296070440759674,14.76686307034518,14.987532943255419,529066000
2022-07-07,15.834264755249023,15.921134433623129,15.365966855854396,15.432866963873742,492903000
2022-07-08,15.814295768737793,16.01299828607396,15.365967423146218,15.40690642464294,467972000
2022-07-11,15.12932014465332,15.503758825637187,15.015490465679298,15.502759918735249,437321000
2022-07-12,15.059426307678223,15.407903930924364,14.854733210647337,15.245147788988149,458483000
2022-07-13,15.141301155090332,15.351985759222007,14.443348055263314,14.568160947614713,521918000
2022-07-14,15.348993301391602,15.449841972567967,14.705957087976035,15.085388476832787,456235000
2022-07-15,15.738409996032715,15.758379568003257,15.421884043363004,15.635564462603954,385935000
2022-07-18,16.076900482177734,16.871708588039752,15.978049636625952,16.277599846502987,670517000
2022-07-19,16.966567993164062,17.084391408456785,16.147795623704503,16.46132482497789,702366000
2022-07-20,17.78034782409668,17.90616059839603,16.775854870810626,16.921636264091354,760538000
2022-07-21,18.022985458374023,18.11684464007018,17.51874208354329,17.858233389080567,557049000
2022-07-22,17.29308319091797,17.940112301592436,17.111354432964287,17.86622363324554,536671000
2022-07-25,16.998516082763672,17.09836676861518,16.624077439190593,16.993522500999713,480748000
2022-07-26,16.508258819580078,16.893680839172077,16.453340823992903,16.863725049444284,397865000
2022-07-27,17.76337432861328,17.90915571659671,16.887686141429516,17.00650751415031,569776000
2022-07-28,17.957080841064453,18.11284747772479,17.41389637890978,17.948095439705305,474646000
2022-07-29,18.135814666748047,18.21669280545941,17.66551896482929,17.78633814776451,435460000
2022-08-01,18.41339874267578,18.817793251673763,17.96307355568242,18.154785619332486,476469000
2022-08-02,18.498273849487305,18.90965792301281,18.06492334013313,18.094879129031096,489527000
2022-08-03,18.864723205566406,18.9396117176789,18.109854164369803,18.156784704919016,418146000
2022-08-04,19.186241149902344,19.245152860108632,18.731922222497296,18.820789717458855,409652000
2022-08-05,18.960582733154297,19.200223337685074,18.63806615768867,18.781849758609443,386068000
2022-08-08,17.766368865966797,18.211702398582386,17.21619484617893,17.475805938276682,981859000
2022-08-09,17.060426712036133,17.4208864407512,16.69896902858045,17.226178614679633,668263000
2022-08-10,18.069913864135742,18.09088234146553,17.291080625113878,17.67151089037589,597422000
2022-08-11,17.91514778137207,18.679004192022955,17.849246570948857,18.103866009330527,509327000
2022-08-12,18.680997848510742,18.689985155231977,17.926128836719883,18.132819750863113,478094000
2022-08-15,19.003515243530273,19.135317654548857,18.585143621952405,18.673011261133464,457666000
2022-08-16,18.850746154785156,19.113353047062745,18.47331159544377,18.89168516148914,451240000
2022-08-17,18.307558059692383,18.660030383145802,18.117843793893357,18.495278320268334,446799000
2022-08-18,18.744905471801758,18.836766842067753,18.155788300006332,18.273611734365417,415447000
2022-08-19,17.82228660583496,18.49228185814888,17.743404371604452,18.378452160239146,441588000
2022-08-22,17.00850486755371,17.53172074156126,16.940605853841493,17.463821727849037,409593000
2022-08-23,17.15528678894043,17.43886215261442,16.944602128257042,16.96357469855967,369986000
2022-08-24,17.196224212646484,17.379948837840608,16.869713963835665,16.986537526161726,522661000
2022-08-25,17.886186599731445,17.920136102144493,16.807803300009542,16.818786514438806,770691000
2022-08-26,16.23566246032715,17.8971713637303,16.2126961703549,17.83027221223721,769127000
2022-08-29,15.777350425720215,16.313546405492897,15.743401869330192,15.996023465490442,496132000
2022-08-30,15.44485092163086,16.01499550682962,15.159278699334202,15.936114218575517,530181000
2022-08-31,15.071409225463867,15.516741812619589,14.936611046484066,15.36097515498697,573710000
2022-09-01,13.91614055633545,14.358477351582556,13.250139048117646,14.187732809926837,1178865000
2022-09-02,13.626575469970703,14.149790438422428,13.570658574144392,14.078897554096939,743157000
2022-09-06,13.44484806060791,13.758378249021042,13.331018356208773,13.710449751958874,535751000
2022-09-07,13.697543144226074,13.821394894652745,13.329984708493885,13.54672431921064,512657000
2022-09-08,13.973213195800781,13.991192199632435,13.352958995533832,13.442850204572082,624873000
2022-09-09,14.369736671447754,14.45663217073669,14.109050173580943,14.140012160343346,486612000
2022-09-12,14.487592697143555,14.529542110154367,14.1809609671129,14.351756230480973,484159000
2022-09-13,13.115242958068848,13.905294159527363,13.083281768118063,13.785438268416998,714956000
2022-09-14,13.112248420715332,13.274053745264505,12.897506239459991,13.238096688965788,588507000
2022-09-15,12.913484573364258,13.21711966189632,12.774651439998117,12.999381811828856,523625000
2022-09-16,13.182162284851074,13.196145423815514,12.601859160237113,12.726709159579556,670751000
2022-09-19,13.365941047668457,13.44684417218002,12.994387721263264,12.99638517640073,569685000
2022-09-20,13.160189628601074,13.466821416277371,13.04133293605915,13.199143342669851,524818000
2022-09-21,13.245086669921875,14.014163138166957,13.09426784489799,13.197144886473634,807679000
2022-09-22,12.545928001403809,13.133222760896917,12.413088166449539,13.054317080071293,759162000
2022-09-23,12.500983238220215,12.595869524997106,12.242294158772797,12.405098699889422,663309000
2022-09-26,12.213327407836914,12.64381096305465,12.199344267287245,12.476012323928597,547343000
2022-09-27,12.398104667663574,12.720717026131021,12.243290932361806,12.49199173171832,553854000
2022-09-28,12.720718383789062,12.807613887508177,12.339176768594774,12.395109331442937,542414000
2022-09-29,12.205334663391113,12.484998359945555,11.931663331695866,12.433060721046752,532763000
2022-09-30,12.124433517456055,12.617841167209532,12.060510185916865,12.072495870113585,565638000
2022-10-03,12.496986389160156,12.66278756428956,12.090474225179374,12.332184417959828,547478000
2022-10-04,13.151200294494629,13.204137147620418,12.86354576862045,12.86354576862045,584182000
2022-10-05,13.193150520324707,13.305016599455884,12.60585670060862,12.895508699525202,507131000
2022-10-06,13.114246368408203,13.63961528157045,13.087278337039482,13.204138536263844,644157000
2022-10-07,12.061509132385254,12.654796201075285,12.007574030916151,12.489994237550277,672478000
2022-10-10,11.655996322631836,12.109451052143639,11.394310633276682,12.022555556989856,698699000
2022-10-11,11.572097778320312,11.831785066433634,11.269460914699508,11.547127205645026,667482000
2022-10-12,11.486200332641602,11.720917996528284,11.331386594866553,11.565106007381553,492590000
2022-10-13,11.945647239685059,12.063505662288664,10.80002340382578,10.957833785657904,850103000
2022-10-14,11.213528633117676,12.096467720598305,11.190556467712574,12.042532615828513,713432000
2022-10-17,11.873734474182129,11.93366289601578,11.503180320321372,11.504178571709462,580774000
2022-10-18,11.952641487121582,12.477011188564495,11.604060255169404,12.32918900154751,659362000
2022-10-19,12.036539077758789,12.335181032699738,11.819799458687841,11.864745537264808,523131000
2022-10-20,12.179368019104004,12.753677855723845,12.090474113843353,12.098464887612497,652398000
2022-10-21,12.451042175292969,12.483004320877559,11.872737373086318,12.083483692515461,609494000
2022-10-24,12.583881378173828,12.694748240906902,12.049523522041948,12.492990972974244,517457000
2022-10-25,13.245086669921875,13.284040381036611,12.648802939445655,12.678767625696967,505482000
2022-10-26,12.880525588989258,13.371934849187197,12.692751450482806,12.853558512942467,532953000
2022-10-27,13.160189628601074,13.821395943567548,13.106254522800453,13.613645341947388,583113000
2022-10-28,13.817399978637695,13.833381526744795,13.045327750919178,13.088276375463284,521040000
2022-10-31,13.480805397033691,13.821396805258901,13.281045557071867,13.761468377005327,486341000
2022-11-01,13.526749610900879,13.90829120834188,13.502778241501344,13.794427679959076,432817000
2022-11-02,13.203136444091797,14.192947372971393,13.19514662360441,13.833379732732721,672628000
2022-11-03,13.404894828796387,13.76446345186093,12.94045361155459,13.027349108120536,500065000
2022-11-04,14.13901424407959,14.211926605097682,13.68056441494515,13.969218152182389,612576000
2022-11-07,14.283839225769043,14.394706092815511,13.937256437354097,14.210926867488931,410061000
2022-11-08,14.584477424621582,14.873130174501293,14.198940003022432,14.78323802463346,595292000
2022-11-09,13.759468078613281,14.193946474225573,13.742488281405496,14.145004537709626,454414000
2022-11-10,15.731101036071777,15.754073201357338,14.52954448835347,14.782241164084553,700819000
2022-11-11,16.30740737915039,16.36933325391358,15.463422059049066,15.788031870821106,655487000
2022-11-14,16.275449752807617,16.520156646312937,15.902897123863864,16.198542470724878,527852000
2022-11-15,16.6460018157959,16.97760225522801,16.362342208466583,16.7019343741324,545876000
2022-11-16,15.890907287597656,16.342364536397717,15.853951986089296,16.142605686473132,649547000
2022-11-17,15.658187866210938,16.246481775556962,15.516358066087552,15.69614237342874,710894000
2022-11-18,15.390508651733398,15.98279742687742,15.101854958892112,15.946839425086369,492072000
2022-11-21,15.298620223999023,15.458428074052856,15.061904155522589,15.128824145184344,404739000
2022-11-22,16.018754959106445,16.038731416885003,15.1038537674951,15.309606900976542,472866000
2022-11-23,16.499176025390625,16.507167751178848,16.028742467722342,16.07868170486478,427241000
2022-11-25,16.250476837158203,16.467215497315987,16.152594861603074,16.298419573569657,167934000
2022-11-28,15.808008193969727,16.33737291090951,15.70613130428347,16.006768811275037,303741000
2022-11-29,15.620234489440918,15.912883135727961,15.501377797341771,15.808008631345784,298384000
2022-11-30,16.907018661499023,16.91401202037875,15.582270690561987,15.682175681304692,565298000
2022-12-01,17.11881446838379,17.24869083164511,16.619286769530035,16.982943254427457,470977000
2022-12-02,16.860063552856445,16.91701084096252,16.429470787296694,16.643269409713465,371389000
2022-12-05,16.594310760498047,16.97894731716057,16.456440627837587,16.66324582682828,352255000
2022-12-06,15.971901893615723,16.557347948087997,15.804060336485716,16.514389290224578,352694000
2022-12-07,16.104774475097656,16.170712118663413,15.652201340982169,15.757102657258699,372388000
2022-12-08,17.152786254882812,17.162777039567985,15.943927985639844,16.257632527002734,515456000
2022-12-09,16.984941482543945,17.56639249733036,16.95896697025253,17.1437916984956,465338000
2022-12-12,17.5184383392334,17.521435764939,16.781136404259517,17.020909499688667,457328000
2022-12-13,18.054929733276367,18.772251923719807,17.69427067207163,18.51349579706315,656589000
2022-12-14,17.65730857849121,18.23476374050765,17.40354874404559,17.970012708973496,496888000
2022-12-15,16.93598747253418,17.303639904704802,16.684226599412334,17.129804471678664,478542000
2022-12-16,16.55535316467285,17.024910620336406,16.39450587865019,16.84807769419475,478232000
2022-12-19,16.2386474609375,16.593311698540127,16.129751160735065,16.556347895867603,354039000
2022-12-20,16.06981086730957,16.294598792773698,15.837032027884236,16.04883078796943,403260000
2022-12-21,16.485414505004883,16.61129685665048,16.08679118681269,16.09878088961092,325025000
2022-12-22,15.324514389038086,16.122760594054203,14.86794617728019,16.0788015203623,565045000
2022-12-23,15.19163990020752,15.324513716760682,14.868944984616018,15.181649115463676,349326000
2022-12-27,14.10766315460205,15.085738590930205,14.042724012860875,15.05976312478845,464902000
2022-12-28,14.02274227142334,14.248528630986229,13.87088541917304,13.913845023720008,351066000
2022-12-29,14.589207649230957,14.669132015722159,14.213563317277028,14.388398226266634,354923000
2022-12-30,14.600199699401855,14.615184924489753,14.219558975570724,14.320463429293953,310490000
2023-01-03,14.301477432250977,14.981834859022358,14.082684439902872,14.836971370712169,401277000
2023-01-04,14.73507022857666,14.838972099538859,14.227550577248294,14.55324290716645,431324000
2023-01-05,14.251527786254883,14.550245182755335,14.134637707433926,14.477314173223293,389168000
2023-01-06,14.844965934753418,14.99582333867336,14.020745334784726,14.460329337176837,405044000
2023-01-09,15.613240242004395,16.04083551016208,15.12669972895464,15.26956527336169,504231000
2023-01-10,15.893974304199219,15.946923742496004,15.45738677744463,15.492353567409218,384101000
2023-01-11,15.985886573791504,16.012861499247272,15.548300537353844,15.825039338857813,353285000
2023-01-12,16.495403289794922,16.621283720638296,15.47736578997874,16.08479222411233,551409000
2023-01-13,16.88304328918457,16.906022287923534,16.149737115561667,16.262629378708784,447287000
2023-01-17,17.685279846191406,17.71125626442111,16.88303879543148,16.88303879543148,511102000
2023-01-18,17.360591888427734,17.856121904906214,17.265680376384633,17.650317053573275,439624000
2023-01-19,16.749164581298828,17.18075766327308,16.71519820403246,17.019908526025887,452932000
2023-01-20,17.822153091430664,17.83913723437092,16.809110800053677,16.994934054525242,564967000
2023-01-23,19.17487335205078,19.22682428472633,17.801172014631053,18.046938056185414,655163000
2023-01-24,19.24680519104004,19.476589423278178,18.802225761623806,18.809219120213985,496204000
2023-01-25,19.304750442504883,19.351706937761307,18.562452134690616,18.89513781742045,449537000
2023-01-26,19.783296585083008,20.14695309854506,19.259791347875655,19.6823921496768,489535000
2023-01-27,20.34576416015625,20.608516233257916,19.386671835768066,19.443617204129126,542142000
2023-01-30,19.143903732299805,20.12097882695284,19.13191402868899,19.931159638223047,488611000
2023-01-31,19.518550872802734,19.668408839064604,18.93210531346682,19.151896870281067,498017000
2023-02-01,20.9232234954834,21.17198699825666,19.592480623653994,19.672405000290908,660477000
2023-02-02,21.688495635986328,21.928268729004962,20.680449757489193,20.9801656473757,564276000
2023-02-03,21.08007049560547,21.724461721839603,20.769363425697847,20.980164568929723,429366000
2023-02-06,21.06908416748047,21.549628903077547,20.7663689193781,20.78635048863154,452197000
2023-02-07,22.15205955505371,22.23797877641693,21.13002498740977,21.361806230961744,664150000
2023-02-08,22.18402671813965,22.85639138734189,21.987212286748747,22.36585402165245,559651000
2023-02-09,22.315902709960938,22.99825818396335,22.099108610512882,22.584649646952737,523876000
2023-02-10,21.244915008544922,22.057146871352533,20.791345235745542,21.669514747583833,550737000
2023-02-13,21.767419815063477,22.027174455523305,20.94219981648068,21.517655957569065,474919000
2023-02-14,22.949304580688477,23.027230025580597,21.345819053614647,21.557618713083382,675474000
2023-02-15,22.74250030517578,22.8334139631762,22.08512271870245,22.52770321112583,420575000
2023-02-16,21.981220245361328,22.52870109732028,21.906290319529802,22.11209513056643,412026000
2023-02-17,21.367799758911133,21.719466582327403,20.95518972612229,21.6105702785936,465888000
2023-02-21,20.63549041748047,21.47369671182956,20.598524711376086,20.98016385190775,410015000
2023-02-22,20.734399795532227,21.084069639386776,20.401714095187934,20.687445203336978,513184000
2023-02-23,23.641647338867188,23.86543668590284,23.00325097776771,23.417859897378552,1117995000
2023-02-24,23.264009475708008,23.451833571567892,22.92533081013571,23.203068162594136,589716000
2023-02-27,23.478803634643555,23.857445393658914,23.431849045761055,23.64764464547648,452994000
2023-02-28,23.194072723388672,23.80249869803318,23.184081939450895,23.349925522833068,455963000
2023-03-01,22.67656135559082,23.23403488033145,22.48674027986424,23.170094246932813,460026000
2023-03-02,23.291982650756836,23.357920308553588,22.410815596059578,22.466764374216684,389415000
2023-03-03,23.8674373626709,23.877428147206164,23.108154887916523,23.297975982991947,412393000
2023-03-06,23.53175163269043,24.225094415335985,23.46481357970566,23.868433194168848,437429000
2023-03-07,23.26995849609375,24.106309951195037,23.222994023470914,23.58171705881991,515154000
2023-03-08,24.162267684936523,24.181253972682587,23.405854133603068,23.468805055531643,513573000
2023-03-09,23.417844772338867,24.43505576916179,23.364884429128946,24.156270677621638,501257000
2023-03-10,22.947206497192383,23.608694224451664,22.70839135809084,23.390862722726986,474866000
2023-03-13,22.948205947875977,23.279949451928704,22.279725558137223,22.734372955848883,421890000
2023-03-14,24.044353485107422,24.200232739085717,23.44182010496801,23.477793413344934,474910000
2023-03-15,24.209226608276367,24.26718032293019,23.34189918220127,23.74258752129313,524486000
2023-03-16,25.521209716796875,25.568172276922425,23.875484642486136,24.00838291285319,583253000
2023-03-17,25.705068588256836,26.378546157950858,25.648111638967688,25.96186943353434,848547000
2023-03-20,25.879934310913086,26.003838794237083,25.11053038968524,25.595155259242034,432747000
2023-03-21,26.178699493408203,26.371550743023278,25.36133442177255,26.159715114851302,547408000
2023-03-22,26.447492599487305,27.567624321193616,26.21667068225775,26.40452474253013,797295000
2023-03-23,27.16993522644043,27.477697184217313,26.669323898015797,27.093993889877133,564889000
2023-03-24,26.758251190185547,27.145951059024593,26.334579915197427,27.010056750841535,454920000
2023-03-27,26.51044464111328,26.979081135465893,26.34457288746432,26.81620731669709,361026000
2023-03-28,26.38953971862793,26.492460563723153,25.82997409067337,26.42651170992459,356104000
2023-03-29,26.963092803955078,27.05701983815986,26.576393509814775,26.80421750216044,393694000
2023-03-30,27.36178207397461,27.47769332122134,27.0809996657957,27.207902069655145,364516000
2023-03-31,27.755477905273438,27.81243294698016,27.083997708372205,27.11897043676594,433933000
2023-04-03,27.943334579467773,27.978307311137023,27.314822179920686,27.487688485526352,398716000
2023-04-04,27.431732177734375,27.978309319114103,27.28584537062366,27.944335261376853,368592000
2023-04-05,26.860177993774414,26.97708603690302,26.374554397462944,26.808218228204645,515015000
2023-04-06,27.016054153442383,27.05902010799569,26.406526131732786,26.56340408671622,397654000
2023-04-10,27.557632446289062,27.599599722003898,26.648337660725947,26.802217671680346,395279000
2023-04-11,27.147951126098633,27.768470288811887,27.104983266832733,27.702521438327167,314378000
2023-04-12,26.47447395324707,27.446719698838795,26.42750948196734,27.34879605082514,446259000
2023-04-13,26.442495346069336,26.866166609946806,26.30860029990406,26.713285279016276,353615000
2023-04-14,26.737268447875977,26.862171603134502,26.19968516091452,26.483465526083034,395660000
2023-04-17,26.9810791015625,26.98507571258764,26.412519730546887,26.544417423730405,321471000
2023-04-18,27.645566940307617,28.08822455302959,27.335807622568492,27.511671874759656,604812000
2023-04-19,27.909360885620117,27.97830767348125,27.21090301368888,27.339802784349317,358660000
2023-04-20,27.0830020904541,28.008285294702446,26.97908256981449,27.649562260282398,427713000
2023-04-21,27.097990036010742,27.161941536904624,26.701298237499223,26.93111959606842,345103000
2023-04-24,27.02104949951172,27.344797891534892,26.650336635594115,26.992072637622144,339282000
2023-04-25,26.220664978027344,27.22588594344051,26.204678535253677,27.05701627701697,378527000
2023-04-26,26.93511390686035,27.30882468111703,26.68430893017137,26.98107969934481,406337000
2023-04-27,27.20490837097168,27.473700988118107,26.60437412188999,27.341803276486615,377161000
2023-04-28,27.727502822875977,27.736494722113637,27.050026680821563,27.20390860883088,292216000
2023-05-01,28.887601852416992,29.035487906164658,27.75847815742974,27.818431138842723,570329000
2023-05-02,28.18814468383789,28.813661076080667,28.061244169034357,28.657781792690272,402730000
2023-05-03,27.78046226501465,28.345025101870167,27.450717987161283,27.81843293372934,383387000
2023-05-04,27.540647506713867,27.83741639402646,27.21889646264562,27.629577352333005,321850000
2023-05-05,28.657779693603516,28.732720441787755,27.70951555183905,27.804441261887433,361494000
2023-05-08,29.128414154052734,29.19736093983139,28.328036044950306,28.499901765349517,344979000
2023-05-09,28.548864364624023,28.950553350491152,28.42795972300857,28.87661127506704,314869000
2023-05-10,28.862625122070312,29.090449147441717,28.438953777460124,28.982531099518624,369350000
2023-05-11,28.55586051940918,28.92757398783938,28.224118884760365,28.873614966334653,322149000
2023-05-12,28.318042755126953,28.757702383519174,28.02426991669217,28.506895497489484,274222000
2023-05-15,28.930566787719727,28.94655513827334,28.130188701131114,28.48591187164364,293926000
2023-05-16,29.190364837646484,29.846857282079426,28.80966142749833,28.8186533259383,449405000
2023-05-17,30.154621124267578,30.175604764450416,29.40720139496846,29.561081422975946,432535000
2023-05-18,31.65345573425293,31.8033391347446,30.29650809578211,30.38643851725128,748725000
2023-05-19,31.239774703979492,31.555529832851313,30.892044782308023,31.5115633015826,473908000
2023-05-22,31.15184783935547,31.495581197519755,30.656231812128347,30.87705936340456,372000000
2023-05-23,30.664222717285156,31.263758219517662,30.607267673626875,30.975981254680892,356253000
2023-05-24,30.51433753967285,30.583284318527475,29.782904383932877,30.18659067105019,721419000
2023-05-25,37.95056915283203,39.449406815163826,36.60661016251731,38.49314765474181,1543911000
2023-05-26,38.91582489013672,39.13965036548496,37.5209065628187,37.86064329293303,714397000
2023-05-30,40.07992935180664,41.905513788987456,39.918056090200714,40.56355559538487,923401000
2023-05-31,37.804683685302734,40.26377529792952,37.792691946795934,39.45740140056339,1002580000
2023-06-01,39.73918914794922,40.01897100169826,38.31029671760196,38.45917954356359,635873000
2023-06-02,39.296531677246094,40.46862324900234,39.027739074551626,40.06593558901887,482731000
2023-06-05,39.14065170288086,39.534343625841366,38.6770105091887,38.87885366395156,396094000
2023-06-06,38.62405014038086,39.12965860906724,38.11844167169448,38.799916275766684,388729000
2023-06-07,37.449832916259766,39.47247581484644,37.33091334669172,38.88886835389723,511998000
2023-06-08,38.48414611816406,38.83790856539692,37.47982353092405,37.69867447040822,417772000
2023-06-09,38.74396514892578,39.68433131568458,38.54110235440473,39.01078414195627,427717000
2023-06-12,39.45549392700195,39.503462039764756,38.59207552154446,39.173685553174,388701000
2023-06-13,40.99446105957031,41.07341040519784,39.71332399118058,40.15902373494629,613208000
2023-06-14,42.9681396484375,42.97113598782619,40.52477736242913,40.7965979524684,740465000
2023-06-15,42.624366760253906,43.25994139693394,42.11870592148791,42.573402308118794,568622000
2023-06-16,42.663333892822266,43.691642253904746,42.63235266585127,43.42082432044267,655709000
2023-06-20,43.778587341308594,43.960468171430314,42.64534980172413,42.96913358966378,451153000
2023-06-21,43.0161018371582,43.58572270035069,42.05175330634248,43.47179700285762,551603000
2023-06-22,42.99610900878906,43.39683688960976,42.2056398219108,42.22462425713647,417737000
2023-06-23,42.180660247802734,42.78025587920079,41.986790256637725,42.43549010660813,358140000
2023-06-26,40.60472106933594,42.73528968879071,40.07307674112564,42.432491709500844,594322000
2023-06-27,41.84788513183594,41.91184134069005,40.42084625845822,40.77160853354225,462175000
2023-06-28,41.08939743041992,41.816909341318976,40.490800534066345,40.63270349711572,582639000
2023-06-29,40.79458999633789,41.57206751161818,40.57273892901067,41.53009589413119,380514000
2023-06-30,42.273597717285156,42.521432314666136,41.47313679846607,41.65201747661018,501148000
2023-07-03,42.384525299072266,42.86920031645341,42.17366841247964,42.48845557277733,198209000
2023-07-05,42.28859329223633,43.14801275888201,42.05674678060165,42.10671245240927,323618000
2023-07-06,42.074737548828125,42.15068674468522,41.31824574169724,41.81591253990793,303582000
2023-07-07,42.47446060180664,43.184985563987055,42.151679425221936,42.29358237445178,355881000
2023-07-10,42.15168380737305,42.782260719612495,41.62103823775749,42.628364774631706,353908000
2023-07-11,42.376529693603516,42.72929334341537,42.03875917556284,42.45247888360537,298244000
2023-07-12,43.872520446777344,43.90549923284697,42.748275878823826,43.00410449451526,481277000
2023-07-13,45.94613265991211,46.12401074310035,44.46212906513595,44.48811258488501,478204000
2023-07-14,45.438472747802734,48.05571376740953,45.029746964144934,46.55172319456043,772075000
2023-07-17,46.42980194091797,46.46477828741377,45.231609519436155,46.25792035935908,510488000
2023-07-18,47.46211242675781,47.86384295444501,45.703295752651904,46.66964557192856,569164000
2023-07-19,47.0453987121582,47.78590243617676,46.710624499493726,47.432139971066526,427502000
2023-07-20,45.48944091796875,47.05539026514879,45.03174821014186,46.47577781434144,537865000
2023-07-21,44.27925109863281,45.835208820153,44.070391777518616,45.757258258019995,963769000
2023-07-24,44.58205032348633,45.07871832138468,44.01043572473537,44.70096991726032,382516000
2023-07-25,45.64833450317383,46.151993949696525,44.892841521253494,44.910830992402,348081000
2023-07-26,45.421485900878906,46.02208416363541,44.60003914555011,45.99010415217063,364237000
2023-07-27,45.86918640136719,47.363181660556975,45.71928557953061,46.48777031512932,455976000
2023-07-28,46.71861267089844,46.99542712373659,46.34986093104817,46.63666699267924,331194000
2023-07-31,46.697628021240234,47.09835978102498,46.474778161903316,46.722612762047206,251055000
2023-08-01,46.475772857666016,46.86851053327996,45.996095610984916,46.42880353138704,237858000
2023-08-02,44.23927688598633,45.80922119475112,43.35786912941364,45.80022836613243,530142000
2023-08-03,44.485111236572266,45.08770701221157,43.77059114765512,43.77059114765512,324176000
2023-08-04,44.650001525878906,45.611353612769236,44.36319547208762,44.95479704956906,362666000
2023-08-07,45.38650894165039,45.509427463028686,44.53308218630117,45.08071461988879,322154000
2023-08-08,44.63401794433594,45.21162904106204,44.02642439474419,44.822890242775706,353843000
2023-08-09,42.52543258666992,44.28225178882451,42.105712567799486,44.24427528699449,586449000
2023-08-10,42.35955047607422,43.54475527906339,41.806920236191914,42.13170286485831,492705000
2023-08-11,40.82756805419922,41.98978918777693,40.611713480681736,41.72296635669751,533085000
2023-08-14,43.723628997802734,43.77059833330289,40.28394192269049,40.458823690896786,690286000
2023-08-15,43.910499572753906,45.23761094961256,43.68065444037462,44.53008608139681,676512000
2023-08-16,43.456809997558594,44.64501105553742,43.376861867891094,44.490116319477444,527451000
2023-08-17,43.31489944458008,44.032415865763284,42.97212742620197,43.9404785824408,452395000
2023-08-18,43.269927978515625,43.548739981442054,41.632028496640906,42.60637233743457,583768000
2023-08-21,46.93546676635742,47.03340054502666,44.192310747529035,44.464127494140655,692573000
2023-08-22,45.63733673095703,48.15464642329009,45.30256257251268,48.102679385462835,755293000
2023-08-23,47.08436965942383,47.168312899804924,45.17764965557936,45.8352088507009,779046000
2023-08-24,47.1313362121582,50.23225371220406,47.127341093273124,50.18228804118617,1156044000
2023-08-25,45.987098693847656,47.77289740405855,44.993762909492254,46.98043066606751,925341000
2023-08-28,46.80355453491211,46.94845764081992,44.85786313408847,46.45079089513967,685192000
2023-08-29,48.751243591308594,49.04804505027456,46.35984885447826,46.634665726138564,701397000
2023-08-30,49.230926513671875,49.89347960876958,48.39248907555187,49.011072990962134,735206000
2023-08-31,49.321868896484375,49.710607710552146,48.92513603204003,49.34685363953064,528570000
2023-09-01,48.4764289855957,49.76656254905315,48.10967481708851,49.728589862320376,463830000
2023-09-05,48.515403747558594,48.81820170710798,47.82786596593289,48.190621199909984,382653000
2023-09-06,47.03327941894531,48.52040187168578,46.55256375973415,48.4124675938394,468670000
2023-09-07,46.21376419067383,46.316704161962946,45.12540493347,45.49818632647951,433330000
2023-09-08,45.54515838623047,46.578549795234004,45.24433697550349,45.91494321497456,473069000
2023-09-11,45.15139389038086,46.13581057370941,44.28590279124411,46.120820017928104,473966000
2023-09-12,44.84356689453125,45.64609526594391,44.50476589129932,44.711644683644934,349256000
2023-09-13,45.45820999145508,45.90294758191361,44.47678613148132,44.57372912057882,398355000
2023-09-14,45.55415725708008,45.959916382473324,45.10442151314497,45.92293942337167,370097000
2023-09-15,43.87413787841797,45.572134413088484,43.78218921317514,45.314286993054964,506831000
2023-09-18,43.940101623535156,44.21594002292978,41.97526008372968,42.722820575587484,500271000
2023-09-19,43.494361877441406,43.94009827513682,42.97666548704609,43.80717720782653,373064000
2023-09-20,42.21411895751953,43.877140298495235,42.1981295407641,43.57431736743093,367108000
2023-09-21,40.992835998535156,42.075198207915804,40.955859044978006,41.558504470242454,450736000
2023-09-22,41.58549118041992,42.09019478907558,41.206712805320656,41.54751155048687,479236000
2023-09-25,42.1971321105957,42.510946346658756,41.152745614643074,41.56650323994468,419091000
2023-09-26,41.88631057739258,42.7947755047386,41.63046086209198,41.97625771314318,402282000
2023-09-27,42.44298553466797,42.846750726606956,41.60448280317075,42.30507013891138,444935000
2023-09-28,43.063621520996094,43.42040969450895,42.09019617754693,42.43499038200629,424663000
2023-09-29,43.47337341308594,44.117993873277456,43.28148518657967,43.80117928965927,397830000
2023-10-02,44.75562286376953,45.148389111960235,43.83516394109358,44.00406311143919,433298000
2023-10-03,43.49135971069336,45.1034121671623,43.220519465209826,44.78159946799548,470850000
2023-10-04,44.01506042480469,44.117001536770516,43.266501033277635,43.71623674789107,361821000
2023-10-05,44.661678314208984,44.873555244834996,43.862150279908775,44.02405361077508,393483000
2023-10-06,45.735042572021484,45.762027093274135,44.00006519130678,44.166966628350934,434436000
2023-10-09,45.246334075927734,45.578139267709204,44.34186831967445,44.81558816881038,409675000
2023-10-10,45.77101516723633,46.23174207212404,45.06143442952027,45.283303744335946,368582000
2023-10-11,46.77843475341797,46.83140494362504,46.0228794586557,46.168793384796125,378137000
2023-10-12,46.9173469543457,47.58095729211939,46.302711352295894,46.749446645978935,481325000
2023-10-13,45.4342155456543,47.08824310789531,45.25332242437659,46.93233297059444,474115000
2023-10-16,46.06785202026367,46.197772707429415,44.88554631741198,45.036458356873474,375099000
2023-10-17,43.91211700439453,44.72763821121428,42.45497569088067,43.9740807563203,812333000
2023-10-18,42.171146392822266,43.19354648553622,41.80036652222744,42.56591420178306,627294000
2023-10-19,42.076202392578125,43.27149704183871,41.85732962426039,42.78578325627493,501233000
2023-10-20,41.36262512207031,42.44498744497046,41.053805193919466,41.865327220586586,477266000
2023-10-23,42.94968795776367,43.222529794895785,40.92088476471772,41.20471789682862,478530000
2023-10-24,43.63727951049805,43.671259880071666,42.66585573528576,43.05162614435632,401463000
2023-10-25,41.754390716552734,43.62429085852798,41.53052363272983,43.37243657677688,398379000
2023-10-26,40.30224609375,42.231109527965074,39.85650966502812,41.82834703800738,541001000
2023-10-27,40.47614669799805,41.18173216586504,39.991431738659564,41.10577671411972,416784000
2023-10-30,41.13675308227539,41.7413962446929,40.45715333671765,41.06279917353452,388028000
2023-10-31,40.7559814453125,40.85492597583814,39.206895078542935,40.42617778091217,517969000
2023-11-01,42.30007553100586,42.35604230855743,40.84493168976348,40.85992224625753,437593000
2023-11-02,43.48037338256836,43.858149075327375,42.868734368129815,43.30247683018647,409172000
2023-11-03,44.97848892211914,45.28230687928524,43.69724264528921,43.99406856905828,424610000
2023-11-06,45.72404861450195,45.907942145910646,44.87254931814996,45.25832352062085,400733000
2023-11-07,45.92793655395508,46.19077833519736,45.131405063982676,45.692075485560395,343165000
2023-11-08,46.546573638916016,46.83940035769066,45.94092770952664,46.07284994353558,346719000
2023-11-09,46.92234420776367,48.201588985861626,46.722461258073324,47.43903795369881,540496000
2023-11-10,48.30652618408203,48.443446517904555,47.25514775060462,47.47201897601796,421245000
2023-11-13,48.59135437011719,49.0870643467763,48.07066140972394,48.29153187815876,384136000
2023-11-14,49.626747131347656,49.804643679009864,49.01111268540679,49.65073506752464,416954000
2023-11-15,48.85920333862305,49.93057048121235,48.17160887491718,49.905587494765264,475497000
2023-11-16,49.45085525512695,49.49583073208514,48.30153490578404,48.65032836479482,339756000
2023-11-17,49.26896667480469,49.687718627140484,48.978137690919475,49.49483149994882,325205000
2023-11-20,50.37930679321289,50.5182248537623,49.15202951055082,49.28295286302151,414120000
2023-11-21,49.91457748413086,50.48723796925796,49.19300270316688,50.096469472210146,565747000
2023-11-22,48.68729782104492,50.305343443741435,47.66190132877574,49.82263011511019,899420000
2023-11-24,47.747859954833984,48.89218598438888,47.71687617098167,48.44145141892708,294645000
2023-11-27,48.21358108520508,48.50140962414012,47.62392850332251,47.771840126632874,395662000
2023-11-28,47.7928352355957,48.29454229996898,47.445040615243286,48.207591738655566,401491000
2023-11-29,48.11164855957031,48.73328389544531,47.831814678443656,48.350510033061155,382005000
2023-11-30,46.74244689941406,48.08165761920248,46.39465234326139,47.995705935817675,526247000
2023-12-01,46.73745346069336,47.172198605670886,46.15979480379712,46.49759696256461,369317000
2023-12-04,45.483192443847656,46.04985981674189,44.98348694921652,46.04985981674189,437543000
2023-12-05,46.542667388916016,46.57664693505586,45.24831433854384,45.44321631785002,371718000
2023-12-06,45.480194091796875,47.36325259148531,45.389240093841764,47.19133790635441,380590000
2023-12-07,46.57264709472656,46.605631500937335,45.58114369836872,45.67709625491712,350823000
2023-12-08,47.4821891784668,47.71707199991906,46.526667071393376,46.57164649877913,359224000
2023-12-11,46.60363006591797,47.50717632201845,45.80703244000096,47.46719926720655,509728000
2023-12-12,47.633113861083984,47.642108221332236,46.02292129903264,46.02292129903264,372387000
2023-12-13,48.063907623291016,48.569654619632786,47.58414857619019,47.60513796301112,447792000
2023-12-14,48.32577133178711,48.645610681659974,47.398238742270124,48.36575220371767,391232000
2023-12-15,48.865501403808594,49.37924378573962,48.09588678078713,48.169851012185504,479948000
2023-12-18,50.051902770996094,50.40772334929845,49.12536921258584,49.37524392106738,412587000
2023-12-19,49.579139709472656,49.67509226753452,48.870495409966274,49.39922961630302,464444000
2023-12-20,48.086883544921875,49.97393763852956,48.07388957337245,49.63010830567033,397894000
2023-12-21,48.96544647216797,49.07039338559571,48.39472971516772,48.78653533808319,300425000
2023-12-22,48.8055305480957,49.35825100102085,48.44270969078598,49.17034549223245,252507000
2023-12-26,49.25429916381836,49.575137414585996,48.93545881250647,48.94345422311468,244200000
2023-12-27,49.39223861694336,49.65510732450741,49.06040423894506,49.48619328583106,233648000
2023-12-28,49.4971809387207,49.85899903094536,49.38723545621996,49.61812249458572,246587000
2023-12-29,49.4971809387207,49.97194517562977,48.726567424201626,49.78803546733378,389293000
2024-01-02,48.143856048583984,49.27029006493009,47.57114520519551,49.21931693922932,411254000
2024-01-03,47.54515838623047,48.159848009515486,47.29628263742881,47.461200853543446,320896000
2024-01-04,47.97394561767578,48.47569292887805,47.48418951664503,47.74305858328899,306535000
2024-01-05,49.072391510009766,49.522166721608514,48.281787612444646,48.43771146509866,415039000
2024-01-08,52.226810455322266,52.248802601709635,49.45420245341726,49.48718686021287,642510000
2024-01-09,53.11336898803711,54.29777651370217,51.66409487363166,52.37474091414494,773100000
2024-01-10,54.322757720947266,54.572632418491246,53.462189201601234,53.58912826265671,533796000
2024-01-11,54.794525146484375,55.3182646237258,53.53316035979794,54.971438397001265,596759000
2024-01-12,54.68257522583008,54.942447033748536,54.30276844931097,54.59262018659447,352994000
2024-01-16,56.35374450683594,56.80651660434578,54.87248875685251,54.990429652443055,449580000
2024-01-17,56.02490997314453,56.442699756892196,54.71256826860131,56.318761351488625,474394000
2024-01-18,57.07838439941406,57.57113740723664,56.0788854596163,57.23130761519397,491650000
2024-01-19,59.461185455322266,59.470179816121735,57.19631847450879,57.95993551231964,543501000
2024-01-22,59.62410354614258,60.30076621768796,59.04039658553907,60.018906048230285,452955000
2024-01-23,59.842994689941406,59.879974896146315,58.555638180668645,59.54014514062131,294654000
2024-01-24,61.33124542236328,62.81749966312902,59.90795933203634,60.27377702467032,560271000
2024-01-25,61.58612060546875,62.687569516767255,60.81950289051068,62.31875115055073,482777000
2024-01-26,61.00041198730469,61.75203783033358,60.54264514796327,60.92944842366768,390309000
2024-01-29,62.433692932128906,62.45767916479008,60.8764751379027,61.20130919891072,348733000
2024-01-30,62.74253463745117,63.46117602894952,62.2287923258603,62.86847474739579,410735000
2024-01-31,61.49616622924805,62.23779495619412,60.66958101504,61.40920802958089,453795000
2024-02-01,62.99541473388672,63.159334010145514,61.61910590922887,62.06887734355602,369146000
2024-02-02,66.12684631347656,66.56662061369005,63.658079168244704,63.94193723275367,476578000
2024-02-05,69.2972640991211,69.46218234609371,67.17133086411414,68.19081646972332,680078000
2024-02-06,68.18881225585938,69.71904328530657,66.26677937017486,69.59510487406826,683111000
2024-02-07,70.0638656616211,70.1848072130282,67.56611760223609,68.28475901119934,495575000
2024-02-08,69.60609436035156,70.75851634793179,69.42019057387394,70.03887599609345,414422000
2024-02-09,72.09686279296875,72.14883106624032,70.17682001570536,70.49765833259872,436637000
2024-02-12,72.21178436279297,74.57359879264203,71.21428354571269,72.5636052877806,613710000
2024-02-13,72.09185791015625,73.41319410596859,69.58511896051495,70.36472691376362,602580000
2024-02-14,73.86296844482422,74.19879860297466,71.90195366370614,73.1653201816801,504917000
2024-02-15,72.62157440185547,73.93791554498753,72.36370812701128,73.83197350109086,420122000
2024-02-16,72.57660675048828,74.36471160286108,72.46466337072968,74.06286100719595,495327000
2024-02-20,69.41719055175781,71.91993322160957,67.70004938381788,71.91093504867314,704833000
2024-02-21,67.43819427490234,68.85348517508466,66.21480851806203,67.97192330584859,673755000
2024-02-22,78.49864959716797,78.53562599449027,74.18281239029882,74.98740934032327,865100000
2024-02-23,78.77750396728516,82.35270728551444,77.53112722629109,80.74951481547919,829388000
2024-02-26,79.0523681640625,80.60559027528652,78.46565670997347,79.66005756473585,503973000
2024-02-27,78.66156005859375,79.4401766634304,77.12333739870063,79.34121962191507,391705000
2024-02-28,77.62407684326172,78.89343695625473,77.08634447899664,77.5810991271791,393110000
2024-02-29,79.0723648071289,79.9499232865241,78.31074552812929,79.05437608220565,507289000
2024-03-01,82.23776245117188,82.25875564759677,79.39518604793354,79.95990531943471,479135000
2024-03-04,85.19427490234375,87.65104302544864,83.67703804923654,84.08782752325428,615616000
2024-03-05,85.9249496459961,86.05789246708638,83.37910949267872,85.23126463609206,520639000
2024-03-06,88.65970611572266,89.68324305114874,86.99046652196165,87.98202031125847,582520000
2024-03-07,92.62689971923828,92.7248547713437,89.56129169773,90.11703886606277,608119000
2024-03-08,87.48823547363281,97.35575222228928,86.46669660091352,95.09477882297772,1142269000
2024-03-11,85.73502349853516,88.75664474357295,84.12775251933331,86.38972462446955,678364000
2024-03-12,91.87125396728516,91.9182296909345,86.11087110664366,88.00901063110172,668075000
2024-03-13,90.84671783447266,91.46243535397218,88.39482909444929,91.01364179761762,635713000
2024-03-14,87.90404510498047,90.60482099682989,86.56065394827854,89.53630642599725,602318000
2024-03-15,87.7970962524414,89.5053195385714,86.2178197951128,86.89051059382359,642086000
2024-03-18,88.4148178100586,92.36302032319799,87.04543743889901,90.34693832973477,668976000
2024-03-19,89.3573989868164,90.50287458112766,84.97139148245876,86.66061871650409,672171000
2024-03-20,90.33094787597656,90.36893262675873,88.18292203943432,89.7562045087411,479063000
2024-03-21,91.39346313476562,92.60591719212168,90.36393223327248,92.25807569846366,480372000
2024-03-22,94.24617004394531,94.73494632617268,90.79273767099636,91.0995974210595,586719000
2024-03-25,94.95883178710938,96.7220301978138,93.46751295712747,93.8983168748369,552136000
2024-03-26,92.51895141601562,96.33122190575376,92.45998010784325,95.80745785714453,513648000
2024-03-27,90.20899963378906,93.1976391484463,89.08251272541551,93.06969894575073,586067000
2024-03-28,90.31494903564453,91.25852036781959,89.15247543816959,89.95910797996004,435212000
2024-04-01,90.32194519042969,92.18309875741171,89.16347516442184,90.25797890351257,452441000
2024-04-02,89.41136169433594,90.0530682986896,87.5801933164325,88.40781242384669,433064000
2024-04-03,88.923583984375,90.33294713635686,88.3598448243253,88.44380630032965,370067000
2024-04-04,85.865966796875,90.59282202260623,85.84097663074387,90.36492116364104,434965000
2024-04-05,87.968017578125,88.44080224771263,85.88696278429457,86.82653051798945,399678000
2024-04-08,87.09341430664062,88.78964187058105,86.69259552509367,88.65969605555898,283220000
2024-04-09,85.3152084350586,87.59517772557601,82.98427507127602,87.40226463843116,501700000
2024-04-10,86.99945831298828,87.36029436616496,83.67096935278308,83.88787363370758,431929000
2024-04-11,90.57483673095703,90.69778195869354,86.88651802850721,87.38028930692866,431637000
2024-04-12,88.14593505859375,90.13403751700548,87.49023484155897,89.65824820701377,426805000
2024-04-15,85.96192932128906,90.57183360831459,85.88996343395554,89.05752248069292,443077000
2024-04-16,87.37528991699219,88.07796585968008,86.02490572525448,86.39373376393459,370453000
2024-04-17,83.996826171875,88.73467063272588,83.91185807695048,88.29986306960333,495400000
2024-04-18,84.63253021240234,86.15084492565727,82.36456386223763,84.93139797129201,447260000
2024-04-19,76.16539001464844,84.28570097395453,75.57166564195786,83.11223818340684,875198000
2024-04-22,79.48188018798828,80.0366284086813,76.36530018483673,78.06852097112996,596341000
2024-04-23,82.38555908203125,82.7314025960764,80.22754314018754,80.73231101825336,438559000
2024-04-24,79.64080810546875,84.04380588258387,79.14702921409854,83.91186206206669,512208000
2024-04-25,82.59447479248047,83.2851552261899,78.18747301927324,78.83217672410076,424641000
2024-04-26,87.69515228271484,88.29088225677599,83.34912752628662,83.77993152652552,551011000
2024-04-29,87.71713256835938,87.9520187834122,85.22725937914602,87.55520360857133,388971000
2024-04-30,86.36275482177734,88.77865678653,86.26080377564183,87.20037162224358,363709000
2024-05-01,83.0032730102539,85.9609283053191,81.21808131802283,85.03835112197719,559863000
2024-05-02,85.77801513671875,86.19782250273573,83.16219963332766,84.41063276835533,377898000
2024-05-03,88.74866485595703,89.24043810826264,87.00045887297132,87.74911915331617,398341000
2024-05-06,92.09813690185547,92.17810238522513,89.01453944248995,89.34938632493116,376203000
2024-05-07,90.51286315917969,91.73930312313776,88.97056485934608,91.05661474475471,437342000
2024-05-08,90.37092590332031,91.15256830092393,89.37937220367726,89.44234711947476,325721000
2024-05-09,88.7066879272461,91.03062873527097,88.1909234816851,90.4878761275282,378013000
2024-05-10,89.83716583251953,91.35947654092773,89.1864606125446,90.26397379416818,335325000
2024-05-13,90.35794067382812,90.95666761749975,88.4887873274781,90.43689954348851,289680000
2024-05-14,91.31450653076172,91.60937070385219,88.89360196869727,89.55830082348145,296507000
2024-05-15,94.5870132446289,94.81891011999194,91.55739179218557,92.42999634545237,417735000
2024-05-16,94.31613159179688,95.77546736350578,94.06024356723809,94.86688376052464,323952000
2024-05-17,92.4369888305664,94.69696338532674,91.7642980099601,94.32613733717375,359691000
2024-05-20,94.7369384765625,95.15674583258804,93.39755092373957,93.70740764472103,318764000
2024-05-21,95.3426742553711,95.35666783512194,93.1376750090188,93.55648340484242,328946000
2024-05-22,94.90687561035156,95.97638936710452,93.20665171529967,95.41564713341822,548648000
2024-05-23,103.75184631347656,106.27169708469262,101.47387473907386,101.98164718121453,835065000
2024-05-24,106.4206314086914,106.42662538840617,102.95320565484818,104.40154485251333,429494000
2024-05-28,113.84925079345703,114.88678119811563,109.83307860304417,110.19391464603646,652728000
2024-05-29,114.77283477783203,115.4395315931238,110.85062138095752,112.99864721739439,557442000
2024-05-30,110.44979858398438,115.76638234537347,109.61318085591911,114.59791471662285,484553000
2024-05-31,109.58319854736328,112.66579716472957,106.89142114521177,112.46888043622216,613263000
2024-06-03,114.94775390625,114.94775390625,111.95211383768398,113.56938260132851,438392000
2024-06-04,116.38410949707031,116.547037473925,113.99319767795535,115.66344393803814,403324000
2024-06-05,122.38436889648438,122.39335986551771,117.4146279216423,118.31721749996997,528402000
2024-06-06,120.94303131103516,125.52994340194898,118.26624653202215,123.99164111050369,664696000
2024-06-07,120.83308410644531,121.63671972354634,117.96838874257641,119.71558814229236,412386000
2024-06-10,121.73467254638672,123.04407498199869,116.95684528802722,120.31531947295237,313434100
2024-06-11,120.86500549316406,122.8242751394822,118.6958072896019,121.7246784169854,222551200
2024-06-12,125.15339660644531,126.83277160339148,122.52437825697241,123.01419374000322,299595000
2024-06-13,129.56175231933594,129.7516840309139,127.11266740076113,129.34183299573078,260704500
2024-06-14,131.8309326171875,132.7905668615139,128.27225972601377,129.9116488754234,309320400
2024-06-17,130.93125915527344,133.68023590303568,129.53178618492996,132.94052101290185,288504400
2024-06-18,135.529541015625,136.2792618770274,130.64136160940566,131.09119107562512,294335100
2024-06-20,130.73133850097656,140.70762089792785,129.47181280958608,139.74798663394793,517768400
2024-06-21,126.52289581298828,130.5813900425734,124.25374396453276,127.07269417738873,649445800
2024-06-24,118.0660400390625,124.41367504218907,117.99606639814192,123.19412790624048,476060900
2024-06-25,126.04305267333984,126.45290368991874,119.27557651929439,121.15487384438352,414192600
2024-06-26,126.35296630859375,128.07231986611026,122.5543772913855,126.08306250851786,362975900
2024-06-27,123.94385528564453,126.36296048467365,122.87425378862146,124.05381495953473,252571700
2024-06-28,123.4940185546875,127.6624646242392,122.7043116824408,124.53363237537093,315516700
2024-07-01,124.25374603271484,124.79353836567705,118.78578041896601,123.42405307864779,284885500
2024-07-02,122.62435150146484,123.3640816315802,120.9849623711131,121.08492363485541,218374000
2024-07-03,128.2322540283203,128.2322540283203,121.31483142526585,121.61472281837746,215749000
2024-07-05,125.78316497802734,128.8020451346638,125.63321928620486,127.3325834560472,214176700
2024-07-08,128.1522674560547,130.72131795385047,126.99270329559334,127.44253270774867,237677300
2024-07-09,131.33111572265625,133.77021018974597,128.60212062869667,130.30150022676182,285366600
2024-07-10,134.85980224609375,135.0497339856147,132.37072330988062,133.98012482225403,248978600
2024-07-11,127.35260009765625,136.09933687854166,127.00273184666977,135.69949180687476,374782700
2024-07-12,129.19190979003906,131.87090512655513,127.17265724708656,128.21226350748265,252680500
2024-07-15,128.3922119140625,131.3411112143201,127.13267860503073,130.51141821403814,208326200
2024-07-16,126.3129653930664,128.99196049020554,124.53362918601508,128.39219298118343,214769500
2024-07-17,117.94608306884766,121.80464702237855,116.67655910688254,121.30483311779221,390086200
2024-07-18,121.04492950439453,122.35444713942657,116.51661668353269,121.80464878579994,320979500
2024-07-19,117.88611602783203,121.55474851190428,117.32632685631629,120.30521366365987,217223800
2024-07-22,123.4940185546875,124.02382006512462,119.81538796863644,120.3052034521371,258068900
2024-07-23,122.54437255859375,124.64359711208203,122.05455705517221,122.73430428762777,173911000
2024-07-24,114.20747375488281,119.90534904476712,113.39777769436101,119.12564059736765,327776900
2024-07-25,112.23820495605469,116.5865842364698,106.26043515376628,112.99792419777776,460067000
2024-07-26,113.01791381835938,116.15674442221705,111.53846898200278,116.14675363558489,293399100
2024-07-29,111.5484619140625,116.23671871019991,111.2585765650607,113.64768638350331,248152100
2024-07-30,103.69139862060547,111.94831904183755,102.5018390571419,111.4784927394089,486833300
2024-07-31,116.9764404296875,118.29594880516444,110.83872641972829,112.85797882293917,473174200
2024-08-01,109.16935729980469,120.11528690507727,106.77024891874801,117.4862607613273,523462300
2024-08-02,107.23006439208984,108.67952919207649,101.3322668230447,103.72137651325762,482027500
2024-08-05,100.41261291503906,103.37151801623692,90.65625074239716,92.02573599453234,552842400
2024-08-06,104.2112045288086,107.66991601333109,100.51258449303656,103.8013534449751,409012100
2024-08-07,98.8731918334961,108.75951041282163,98.65327249174283,107.76987337493198,411440400
2024-08-08,104.9309310913086,105.46073260357065,97.48369942630838,101.9620353134048,391910000
2024-08-09,104.71102142333984,106.5603314935722,103.39151291428456,105.60068963485523,290844200
2024-08-12,108.97943115234375,111.02867141394987,106.22046361794415,106.28043885191414,325559900
2024-08-13,116.09677124023438,116.18674170739067,111.53847094577725,112.3981514576694,312646700
2024-08-14,118.03605651855469,118.55585963676825,114.02754676709954,118.48588599342114,339246400
2024-08-15,122.81427764892578,123.1941334844724,117.42628417440801,118.71580500966671,318086700
2024-08-16,124.53363800048828,124.95347986245288,121.13490182291852,121.89462111591769,302589900
2024-08-19,129.9516143798828,129.9516143798828,123.37406160628171,124.23374212691918,318333600
2024-08-20,127.20263671875,129.83166269656482,125.8431423095097,128.35220257999387,300087400
2024-08-21,128.45217895507812,129.30186873034427,126.61286736853016,127.27261778490315,257883600
2024-08-22,123.69395446777344,130.70134819678017,123.05419322056757,129.97162409913395,376189100
2024-08-23,129.32183837890625,129.5517637458536,125.1733892777955,125.81315043381734,323230300
2024-08-26,126.41293334960938,131.2111423152786,124.32371486411647,129.5217841101186,331964700
2024-08-27,128.25225830078125,129.15191727923408,123.83389733541988,125.00346773520825,303134600
2024-08-28,125.5632553100586,128.28224429229948,122.59435936439931,128.0723157316594,448101100
2024-08-29,117.54623413085938,124.38369252727087,116.66656437657561,121.31483536128766,453023300
2024-08-30,119.32557678222656,121.70468827145996,117.17637542296369,119.48551326917712,333751600
2024-09-03,107.95980072021484,116.1667439153335,107.25006590844444,115.96682140906611,477155100
2024-09-04,106.17046356201172,113.22783311293709,104.08124520263415,105.37076592928464,372470300
2024-09-05,107.17009735107422,109.60919166518133,104.72101224991617,104.95092237696757,306850700
2024-09-06,102.7917251586914,108.10974457653745,100.91242007486422,107.99978491199205,413638100
2024-09-09,106.43037414550781,106.5103462006769,103.65141005409866,104.8409619618805,273912000
2024-09-10,108.05976104736328,109.3592802066297,104.910932028029,107.7698680771714,268283700
2024-09-11,116.86648559570312,117.14638014948389,107.38001262051282,109.3492805366119,441422400
2024-09-12,119.10585021972656,120.75537880467239,115.34692581517743,116.80650641923144,366052700
2024-09-13,119.06584930419922,119.92560332926655,117.56627939450601,119.04585839470772,238358300
2024-09-16,116.74651336669922,118.14611345715065,114.32720910628294,116.75651263492436,248772300
2024-09-17,115.5568618774414,118.76594842655497,114.7970852268969,118.13612413784692,231925900
2024-09-18,113.3375015258789,117.66625439302568,113.18754300284537,115.85677572945441,310318900
2024-09-19,117.83621215820312,119.62569992209964,117.21638715198857,117.31635695887289,293506400
2024-09-20,115.96674346923828,118.58599507614844,115.35691774254244,117.02643713264742,382462400
2024-09-23,116.22667694091797,116.9564634197924,114.82707671663402,116.51659472951452,206228500
2024-09-24,120.8353500366211,121.76508371624787,115.34691849533687,116.48659105394941,354966800
2024-09-25,123.47459411621094,124.90418446690079,121.57513728542474,121.98501577990396,284692900
2024-09-26,124.00444030761719,127.63339688941237,121.76508462125145,126.76365118817954,302582900
2024-09-27,121.36520385742188,123.99444725769884,119.22581786965418,123.93446689659378,271009200
2024-09-30,121.40518951416016,121.46516987339125,118.11613173565692,118.27608190267567,226553700
2024-10-01,116.9664535522461,122.40489622649267,115.7568014008595,121.73508253340503,302094500
2024-10-02,118.81592559814453,119.34577243311742,115.10699012612709,116.4066204825267,221845900
2024-10-03,122.81478118896484,124.3243504544059,120.30549859251518,120.88533415502995,277118000
2024-10-04,124.88418579101562,125.00415413490973,121.79507530101387,124.90418432860164,243678100
2024-10-07,127.68339538574219,130.6025566538886,124.91418502432315,124.95417447518639,346250200
2024-10-08,132.85189819335938,133.44172537204778,129.38289186465897,130.2226473652744,285722500
2024-10-09,132.61196899414062,134.48144332062452,131.34234403030248,134.0715571884807,246191600
2024-10-10,134.7713623046875,134.96131029321415,130.9624566548967,131.87219951867377,242311300
2024-10-11,134.76136779785156,135.74108264717918,133.62169514533127,133.97158567859756,170209500
2024-10-14,138.0304412841797,139.56000161928338,136.26094423310064,136.43089368651033,232347700
2024-10-15,131.56228637695312,138.53028982768672,128.70310551155586,137.8304782609884,377831000
2024-10-16,135.68109130859375,136.58082718354044,131.54227882589296,133.9415846620271,264879700
2024-10-17,136.8907470703125,140.84961880375567,136.83076670766295,139.30005999950754,306435900
2024-10-18,137.96043395996094,138.86016981880368,137.24063917112105,138.63024003343975,176090200
2024-10-21,143.66880798339844,143.66880798339844,137.96043821210023,138.090405825162,264554500
2024-10-22,143.54885864257812,144.37862268295584,141.7393796377136,142.86906078072698,226311600
2024-10-23,139.51998901367188,142.3891613712536,137.42060018656866,141.9892821435429,285930000
2024-10-24,140.3697509765625,141.30948393843238,138.42031305269128,140.77963709898057,172354900
2024-10-25,141.49942016601562,144.0886893234089,140.7596420534019,140.88959441527413,205122100
2024-10-28,140.479736328125,143.09898064959424,140.00986979275078,142.95902137870084,173586700
2024-10-29,141.20950317382812,142.2192081120129,138.86017082456863,140.2497716969522,157593600
2024-10-30,139.300048828125,140.28977049571748,136.77077537646986,139.49998843906093,179418100
2024-10-31,132.72195434570312,137.5705707608992,132.07214669412372,137.5605791178224,270039600
2024-11-01,135.36119079589844,137.2706470867555,134.53144208222884,134.6613944536623,207127800
2024-11-04,136.01100158691406,138.9201710380497,135.53114345978716,137.17067271068436,187528200
2024-11-05,139.86988830566406,140.32974787080795,137.29062621937655,137.41058693125512,160537400
2024-11-06,145.56825256347656,146.44800513885863,141.91930516184587,142.91901845044762,242043900
2024-11-07,148.8373260498047,148.8872995129736,146.12809620267714,146.34803435651398,207323300
2024-11-08,147.58767700195312,149.72706281958904,146.21805942983792,148.7273495355645,175665800
2024-11-11,145.21835327148438,148.80733573059373,143.52885055228916,148.6373710400852,182325600
2024-11-12,148.24746704101562,149.60707763368606,145.96812211424654,146.73790556674717,198634700
2024-11-13,146.22808837890625,149.2872090486766,145.85818403502842,149.02728904721945,191903300
2024-11-14,146.71792602539062,148.95728942511607,145.50828141212895,147.59767865642831,194463300
2024-11-15,141.9392852783203,145.19836028928967,140.03983617411208,144.8284560077565,250132900
2024-11-18,140.10980224609375,141.50940991238423,137.1106625740026,139.45999475223928,221205300
2024-11-19,146.9678497314453,147.08782570288798,140.94958652618317,141.2794937524248,227834900
2024-11-20,145.84817504882812,147.5176944558783,142.68907730947365,147.36774356025674,309871700
2024-11-21,146.62796020507812,152.84617867409492,140.65967008206871,149.30720000657334,400946600
2024-11-22,141.90931701660156,147.1178306503594,141.05956976166155,145.88817215972634,236406200
2024-11-25,135.9810028076172,142.0092725854583,135.78106320516017,141.9492922301626,344941900
2024-11-26,136.88075256347656,139.26007526155422,135.63111085304342,137.66052777043362,190287700
2024-11-27,135.3011932373047,137.18065910710888,131.76221489663718,134.97128602051475,226370900
2024-11-29,138.2103729248047,139.31006372977,136.0110065692894,136.74079305563075,141863200
2024-12-02,138.59027099609375,140.40974141861778,137.7805055975671,138.79021062156448,171682800
2024-12-03,140.2198028564453,140.4997214017946,137.91046723010535,138.22037595856943,164414000
2024-12-04,145.098388671875,145.7481962192296,140.24977303436475,141.95928950014692,231224300
2024-12-05,145.02841186523438,146.50808533514203,143.91865294893697,145.0784040292141,172621200
2024-12-06,142.40899658203125,145.66828146425675,141.27923767487087,144.56853006182772,188505600
2024-12-09,138.77975463867188,139.91950565348523,137.1001279875636,138.93972344033872,189308600
2024-12-10,135.04058837890625,141.78911819403848,133.76085313448985,138.97971741196267,210020900
2024-12-11,139.27964782714844,140.1394610798945,135.18055019628483,137.33007570041752,184905200
2024-12-12,137.31008911132812,138.4098556769623,135.77043117490655,137.05015122102654,159211400
2024-12-13,134.22076416015625,139.56960518418134,132.51112983721956,138.90974525213795,231514900
2024-12-16,131.9712371826172,134.37070812011547,130.39157963416955,134.1507548377073,237951100
2024-12-17,130.36160278320312,131.5613383936032,126.8323727744144,129.06188284882555,259410300
2024-12-18,128.88192749023438,136.67022414162827,128.2520598203989,133.83084634553458,277444500
2024-12-19,130.65151977539062,134.0007959707685,129.52177635647746,131.7312862928068,209719200
2024-12-20,134.670654296875,135.25052978203578,128.19207015255643,129.7817201303188,306528600
2024-12-23,139.6395721435547,139.75954112073697,135.09056027465786,136.25031123897003,176053500
2024-12-24,140.18946838378906,141.8690952419841,138.61980292789985,139.9695150682445,105157000
2024-12-26,139.89952087402344,140.81933395538283,137.70000300728188,139.6695752314167,116205600
2024-12-27,136.9801483154297,138.98972022149263,134.68066155069724,138.5198213856297,170582600
2024-12-30,137.46005249023438,140.23944563051566,133.99080722961983,134.80062832550155,167734700
2024-12-31,134.26075744628906,138.0399485497518,133.80086613446198,137.99994871496077,155659200
2025-01-02,138.27987670898438,138.84975989825128,134.60068545398187,135.97038221662075,198247200
2025-01-03,144.43853759765625,144.86843662681642,139.69956441393234,139.97950221326124,229322500
2025-01-06,149.39744567871094,152.12686204773377,147.78781099429082,148.55763229845726,265377400
2025-01-07,140.10946655273438,153.09664186378797,139.97948999458222,152.99665754898407,351782200
2025-01-08,140.07948303222656,143.91864297451565,137.5300354006173,142.54894625810496,227349900
2025-01-10,135.8804168701172,139.88953842521914,134.19078233209814,137.42007490895548,207602500
2025-01-13,133.20098876953125,133.46094192558937,129.4817974709377,129.96170394882952,204808900
2025-01-14,131.73129272460938,136.35029670610186,130.021673763493,136.02036676060487,195590500
2025-01-15,136.21034240722656,136.42028814155947,131.26140794998662,133.6208947252083,185217300
2025-01-16,133.54090881347656,138.7197730168145,133.46092441099125,138.6097963703303,209235600
2025-01-17,137.6800079345703,138.46982912838536,135.4304980750839,136.66022586007293,201188800
2025-01-21,140.79933166503906,141.79911388356058,137.0601406758009,139.1296971907641,197749000
2025-01-22,147.03799438476562,147.7578236263026,143.63872531436203,144.6285153116103,237651400
2025-01-23,147.1879425048828,147.19793483530896,143.68870466698334,145.0184168760411,155915500
2025-01-24,142.58892822265625,148.93755110518853,141.8490991802554,148.3376757009225,234657600
2025-01-27,118.39421081542969,128.3720332810038,116.67458414531102,124.77282637681094,818830900
2025-01-28,128.9619140625,128.97190639273322,116.22468308647471,121.78346978934897,579666400
2025-01-29,123.67305755615234,126.86236527865272,120.02385855553806,126.47245082309266,467120600
2025-01-30,124.62284851074219,124.97277074327684,118.07427227270144,123.07318310243251,392925500
2025-01-31,120.04385375976562,127.8221583994493,119.16404813082586,123.75304497053646,388161100
2025-02-03,116.63459777832031,118.54417785753162,112.98539113939225,114.72501007137596,371235700
2025-02-04,118.62416076660156,121.17360082598954,116.67458088005824,116.93452639047727,256550000
2025-02-05,124.80281829833984,124.97277944773282,120.733704904631,121.73348714021286,262230800
2025-02-06,128.65196228027344,128.74195426970414,125.18272455855072,127.39224223836113,251483600
2025-02-07,129.81170654296875,130.3415898450845,124.97276475304243,129.19184651154228,228186300
2025-02-10,133.54090881347656,134.97058996230598,129.93169464945112,130.06165595495793,216989100
2025-02-11,132.77108764648438,134.45071452657314,130.991476437857,132.55113432807275,178902400
2025-02-12,131.11143493652344,132.21120144058102,129.05188607934784,129.9916837727306,160278600
2025-02-13,135.26052856445312,136.4702717517269,131.1414307383845,131.53134519031366,197430000
2025-02-14,138.81976318359375,139.21966995740726,135.47048674490975,136.45026901957874,195479600
2025-02-18,139.36964416503906,143.408773131914,137.89996298841217,141.239247408195,219176600
2025-02-19,139.19967651367188,141.32921755912488,137.1901197103136,139.47961431944915,167536000
2025-02-20,140.07948303222656,140.62936628696042,136.7601988439899,139.9994986264957,143903600
2025-02-21,134.4007110595703,141.42919381606555,134.00080428998024,140.00948969645043,228217600
2025-02-24,130.2516326904297,138.55982089892026,130.05167928786804,136.53026411475935,251381100
2025-02-25,126.6024169921875,130.17163913409132,124.4128991653319,129.9516858300846,271428700
2025-02-26,131.2514190673828,133.7008826502409,128.46203316398234,129.96170661334043,322553800
2025-02-27,120.12383270263672,134.98058915821082,119.98386380503352,134.9705968281912,443175800
2025-02-28,124.89279174804688,125.06275289296238,116.37465068149442,117.99429297871988,389091100
2025-03-03,114.03515625,123.67305612882248,112.25554513947324,123.48310269608358,411381400
2025-03-04,115.96473693847656,119.28401358591904,110.0860202624711,110.62590357369604,398163300
2025-03-05,117.27445220947266,118.25423446970035,114.48505902516025,117.55438999810913,284337900
2025-03-06,110.5459213256836,115.32487918451908,110.1959990692751,113.50527582346177,321181900
2025-03-07,112.66545867919922,113.45528753337068,107.53657110597264,111.22576986878714,341755500
2025-03-10,106.95669555664062,111.82562964494369,105.43702244846195,109.87605754375717,366487400
2025-03-11,108.73631286621094,112.2155506077548,104.74717644545998,106.96669412251354,354865700
2025-03-12,115.7254409790039,116.74531696319002,112.8658000774832,114.10564961231475,323857500
2025-03-13,115.56546020507812,117.74518623487266,113.77568449740161,117.01527472285696,299033100
2025-03-14,121.65469360351562,121.86466627272753,118.13513973204245,118.59508095437823,277593500
2025-03-17,119.51496124267578,122.87453914631989,118.01514995099303,122.72455649146468,255501500
2025-03-18,115.41547393798828,119.00501849033903,114.52558655092061,117.98515020944649,299686900
2025-03-19,117.50521087646484,120.43484254394583,115.6654460375291,117.2552423301898,273426200
2025-03-20,118.51508331298828,120.18487133427746,116.4553449784264,116.53533674228605,248829700
2025-03-21,117.68518829345703,117.97515272195331,115.40547637665556,116.92528940681295,266498500
2025-03-24,121.39472961425781,122.20462527069279,119.32498270837338,119.86491568880827,228452500
2025-03-25,120.67481994628906,121.27474294212928,118.90503833586045,120.53483816820751,167447200
2025-03-26,113.74568939208984,118.82504445296345,112.69581844673802,118.7150653108018,293463300
2025-03-27,111.41598510742188,114.43560190798578,110.64608531130148,111.33599333866172,236902100
2025-03-28,109.65620422363281,112.85580631482036,109.05628121542107,111.47597500465491,229872500
2025-03-31,108.36636352539062,110.94604080353734,103.63696281055644,105.11677236112796,299212700
2025-04-01,110.13613891601562,110.18612804634962,106.45660174663486,108.5063391727533,222614000
2025-04-02,110.4061050415039,111.96591394846298,106.77656451707789,107.27650160670082,220601200
2025-04-03,101.78719329833984,105.61670556208404,101.58721388778805,103.49697720927654,338769400
2025-04-04,94.29813385009766,100.11740141914926,92.09841365005991,98.89756129670621,532273800
2025-04-07,97.6277084350586,101.73719167720878,86.60909899272106,87.44898959160196,611041300
2025-04-08,96.28788757324219,105.83668151314755,94.448115096381,103.79693724960859,476243400
2025-04-09,114.31561279296875,115.08551252786717,97.51772411084168,98.8775535578917,612918300
2025-04-10,107.55646514892578,110.84605211383005,99.13752639108027,109.3562417228181,437812400
2025-04-11,110.9160385131836,111.53596322542542,107.46647578597839,108.4863440509602,313417300
2025-04-14,110.6960678100586,114.27561914894163,109.0562747909433,114.09564149423704,264705000
2025-04-15,112.18588256835938,113.6057097347757,110.48609947397975,110.95604157012,228966900
2025-04-16,104.47685241699219,106.776566115048,100.43735975697352,104.53685005598037,397016900
2025-04-17,101.47722625732422,104.45685460754896,100.03741265575106,104.43685285244638,292517500
2025-04-21,96.89781188964844,99.42749238220217,95.02804439894429,98.75757087400713,288501100
2025-04-22,98.87755584716797,99.79743825075411,97.26775782667495,98.7675690784311,241004800
2025-04-23,102.69707489013672,104.78681586825162,102.0071592730487,104.50684469329865,247526000
2025-04-24,106.4166030883789,106.52658985205171,103.09702130913817,103.4669774804407,220815000
2025-04-25,110.99604034423828,111.90592192622726,105.71670563343305,106.83655988818872,251064700
2025-04-28,108.71631622314453,110.35610916663857,106.0066506499314,109.67619446115806,207708500
2025-04-29,109.00627899169922,110.18613082106049,107.42648359585715,107.65645038374015,170444300
2025-04-30,108.90629577636719,108.90629577636719,104.06690832142748,104.45685864823317,235044600
2025-05-01,111.59595489501953,114.92553765737502,111.28599634849851,113.06577112138011,236121500
2025-05-02,114.485595703125,115.38548400726445,113.35574060530446,114.1656362648126,190194800
2025-05-05,113.80567932128906,114.65557085202862,112.64582923459892,112.89579778060671,133163200
2025-05-06,113.52571868896484,114.72556468927546,110.8060596179303,111.46598025800552,158525600
2025-05-07,117.04527282714844,117.66519758488604,112.2658753138673,113.03578272910664,206758800
2025-05-08,117.35523986816406,118.66507265437788,115.83542678286972,118.23512643493164,198428100
2025-05-09,116.63532257080078,118.21512557823269,115.19550133583151,117.33523143311392,132972200
2025-05-12,122.98452758789062,122.98452758789062,120.26486852149502,121.95465837416761,225023300
2025-05-13,129.9136505126953,131.20349680462547,124.45434579721417,124.96428378706925,330430100
2025-05-14,135.32296752929688,135.4229610498005,131.66342437777934,133.18323739959362,281180800
2025-05-15,134.8130340576172,136.28285028501523,132.64330897356982,134.27309347043854,226632600
2025-05-16,135.38296508789062,136.3328578150344,133.44322189103337,136.20286928250525,226542500
2025-05-19,135.55294799804688,135.85289804232983,132.3733402168265,132.3733402168265,193154600
2025-05-20,134.3630828857422,134.5630546490785,132.6032947519003,134.2730826239034,161514200
2025-05-21,131.78341674804688,137.3827028648009,130.57356230685332,133.04325269152105,270608700
2025-05-22,132.81329345703125,134.23311300774128,131.53345568577518,132.21336282687446,187344000
2025-05-23,131.2734832763672,132.66330787048915,129.14376150329426,129.98365220977007,198821300
2025-05-27,135.48294067382812,135.64292419162265,133.2932139517279,134.13310453484723,192953600
2025-05-28,134.7930450439453,137.23274065219468,134.773043287045,136.01289284806998,304021100
2025-05-29,139.17250061035156,143.47196297724966,137.89266277883826,142.2321134030903,369241900
2025-05-30,135.11300659179688,139.6024320207408,132.9032778793795,138.7025513364048,333170900
2025-06-02,137.3627166748047,138.10261378714853,135.38295485750098,135.4729551269194,197663100
2025-06-03,141.2022247314453,141.9821253260672,137.93263208053457,138.76252943263086,225578800
2025-06-04,141.9021453857422,142.37208748278405,139.52243989492337,142.17211569309742,167120800
2025-06-05,139.97239685058594,143.98188696027037,138.81253909953503,142.15211531599257,231397900
2025-06-06,141.70216369628906,143.2519716576077,141.49218341482276,142.4920575502711,153986200
2025-06-09,142.612060546875,144.98175749406252,141.9221449149421,143.17198765195985,185114500
2025-06-10,143.94189453125,144.27183958658884,141.51219232566982,142.6720500430919,155881900
2025-06-11,142.8219451904297,144.9818270127783,141.8619926278542,144.6018435649776,167694000
2025-06-12,144.9918212890625,144.9918212890625,141.84200506767834,141.9619934165529,162365000
2025-06-13,141.9619903564453,143.57190012016565,140.84205843661482,142.47195608609783,180820600
2025-06-16,144.6818389892578,146.17174515794912,143.19191756263837,143.3419182543515,183133700
2025-06-17,144.1118621826172,145.2118062109318,143.77188503129375,144.48185167828373,139108000
2025-06-18,145.47178649902344,145.64177507521472,143.1119190601379,144.00186822839106,161494100
2025-06-20,143.84188842773438,146.1917466588846,142.6419439392267,145.4417889825313,242956200
2025-06-23,144.161865234375,144.77183143330174,142.02198656661903,142.49196127355907,154308900
2025-06-24,147.8916473388672,147.9516567694991,145.4917888831412,145.55178305584516,187566100
2025-06-25,154.30130004882812,154.44129154756814,149.2515816348226,149.2615908362584,269146500
2025-06-26,155.01126098632812,156.71116205301092,153.99131424314706,155.9711982969104,198145700
2025-06-27,157.74110412597656,158.7010567029259,155.25123904977087,156.03119384319848,263234500
2025-06-30,157.98109436035156,158.65105473929458,155.95121007936535,158.39105963903748,194580300
2025-07-01,153.29136657714844,157.19114075936278,151.4814709885328,156.28118836420296,213143600
2025-07-02,157.2411346435547,157.5911210146133,152.9613771597412,152.97137110311218,171224100
2025-07-03,159.3310089111328,160.97091579811564,157.76110539966962,158.36106240246136,143716100
2025-07-07,158.2310791015625,159.3010108082469,157.33112071622008,158.19107281354107,140139000
2025-07-08,159.99098205566406,160.21097087662494,158.3810721884118,159.32102164925746,138133000
2025-07-09,162.87081909179688,164.41072552837133,161.15091487239096,161.2109090473586,183656400
2025-07-10,164.09075927734375,164.4907306346819,161.6008940928153,164.31074810125853,167704100
2025-07-11,164.91070556640625,167.88053943905462,163.4607903198708,163.71077623333997,193633300
2025-07-14,164.06076049804688,165.48067863727533,162.0108729824689,165.36067502496692,136975800
2025-07-15,170.69036865234375,172.39026971263084,169.19045325951484,171.18034650685541,230627400
2025-07-16,171.36033630371094,171.74031976856003,168.89047429804987,171.05035621730414,158831500
2025-07-17,172.99024963378906,174.15018791751396,170.82037376702192,172.01030913929756,160841100
2025-07-18,172.40028381347656,174.24017641906912,171.2503394915346,173.63021019833226,146456400
2025-07-21,171.37034606933594,173.37023335124513,170.99036260323587,172.7402639749064,123126100
2025-07-22,167.0205841064453,171.38033896465845,164.5707252526767,171.33033873133073,193114300
2025-07-23,170.77037048339844,171.25033914956657,167.96053134785282,169.52044095634585,154082200
2025-07-24,173.73020935058594,173.82020061413024,171.29034448608226,172.43027959809626,128984600
2025-07-25,173.49021911621094,174.71015156060187,172.9502562716434,173.60021352539138,122316800
2025-07-28,176.7400360107422,176.9900219174052,173.96019394928393,174.0101941822023,140023500
2025-07-29,175.50009155273438,179.36988356772682,175.01012896550742,177.94996552058157,154077500
2025-07-30,179.25990295410156,179.87986313645385,176.03007396904806,176.50004870661488,174312200
2025-07-31,177.85997009277344,183.28967198380855,175.92007699286586,182.88968537366165,221685400
2025-08-01,173.710205078125,176.53003812303805,170.88036283204175,174.08017933113513,204529000
2025-08-04,179.98985290527344,180.18983857913796,174.5101661001552,175.150129411279,148174600
2025-08-05,178.24993896484375,180.24982614601393,175.8900714807458,179.6098628583566,156407600
2025-08-06,179.40988159179688,179.88985025482887,176.2400621628547,176.32005948301483,137192300
2025-08-07,180.7598114013672,183.86963665167795,178.78992126086553,181.5597693442696,151878400
2025-08-08,182.689697265625,183.2896695438941,180.3898238761652,181.5397681998595,123396700
2025-08-11,182.0497283935547,183.82962677132744,180.23983292857787,182.0397344504628,138323200
2025-08-12,183.14967346191406,184.46959107996432,179.4498851930147,182.94968779347354,145485700
2025-08-13,181.5797576904297,183.95962838065756,179.33989375414814,182.60969839497247,179871700
2025-08-14,182.00973510742188,183.0096786896392,179.44988197821397,179.73985890356857,129554000
2025-08-15,180.4398193359375,181.88973450248375,178.02995160113952,181.86974661621798,156602200
2025-08-18,181.99972534179688,182.92968080449612,180.5798072904055,180.58981649127065,132008000
2025-08-19,175.63009643554688,182.4897102645763,175.48011099603517,182.41970688751834,185229200
2025-08-20,175.39010620117188,175.99007848098316,168.79048741289236,175.1601234390134,215142700
2025-08-21,174.97012329101562,176.89001313294924,173.80019113380274,174.8401410010552,140040900
2025-08-22,177.97996520996094,178.57992220965232,171.19033968434712,172.60026380920357,172789400
2025-08-25,179.79986572265625,181.89975349617023,176.56005805348863,178.3399565343825,163012800
2025-08-26,181.75975036621094,182.379710508586,178.79991063056144,180.04984011627135,168688200
2025-08-27,181.5897674560547,182.47971666734583,179.0899084065932,181.96973565618129,235518900
2025-08-28,180.1598358154297,184.45959632874283,176.40005338826177,180.80980830742462,281787800
2025-08-29,174.170166015625,178.13994326196564,173.14022534545884,178.099952232122,243257900
2025-09-02,170.77037048339844,172.37028638119727,167.2105736316213,169.99041567915194,231164900
2025-09-03,170.61038208007812,172.40028977270214,168.8704898798795,171.0503597309562,164424900
2025-09-04,171.65032958984375,171.85031526705663,169.40045639085815,170.56039467979372,141670100
2025-09-05,167.01058959960938,169.02047080600087,164.06075893837155,168.02052717453523,224441400
2025-09-08,168.30050659179688,170.95036631358883,167.34056927044318,167.5405549408978,163769100
2025-09-09,170.7503662109375,170.97035502688004,166.7306038641957,169.08046220477644,157548400
2025-09-10,177.32000732421875,179.2798883121013,175.46011154547278,176.63004377208136,226852000
2025-09-11,177.1699981689453,180.27999877929688,176.47999572753906,179.67999267578125,151159300
2025-09-12,177.82000732421875,178.60000610351562,176.4499969482422,177.77000427246094,124911000
2025-09-15,177.75,178.85000610351562,174.50999450683594,175.6699981689453,147061600
2025-09-16,174.8800048828125,177.5,174.3800048828125,177.0,140737800
2025-09-17,170.2899932861328,173.1999969482422,168.41000366210938,172.63999938964844,211843800
2025-09-18,176.24000549316406,177.10000610351562,172.9600067138672,173.97999572753906,191763300
2025-09-19,176.6699981689453,178.0800018310547,175.17999267578125,175.77000427246094,237182100
2025-09-22,183.61000061035156,184.5500030517578,174.7100067138672,175.3000030517578,269637000
2025-09-23,178.42999267578125,182.4199981689453,176.2100067138672,181.97000122070312,192559600
2025-09-24,176.97000122070312,179.77999877929688,175.39999389648438,179.77000427246094,143564100
2025-09-25,177.69000244140625,180.25999450683594,173.1300048828125,174.47999572753906,191586700
2025-09-26,178.19000244140625,179.77000427246094,174.92999267578125,178.1699981689453,148573700
2025-09-29,181.85000610351562,184.0,180.32000732421875,180.42999267578125,193063500
2025-09-30,186.5800018310547,187.35000610351562,181.47999572753906,182.0800018310547,236981000
2025-10-01,187.24000549316406,188.13999938964844,183.89999389648438,185.24000549316406,173844900
2025-10-02,188.88999938964844,191.0500030517578,188.05999755859375,189.60000610351562,136805800
2025-10-03,187.6199951171875,190.36000061035156,185.3800048828125,189.19000244140625,137596900
2025-10-06,185.5399932861328,187.22999572753906,183.3300018310547,185.5,157678100
2025-10-07,185.0399932861328,189.05999755859375,184.0,186.22999572753906,140088000
2025-10-08,189.11000061035156,189.60000610351562,186.5399932861328,186.57000732421875,130168900
2025-10-09,192.57000732421875,195.3000030517578,191.05999755859375,192.22999572753906,182997200
2025-10-10,183.16000366210938,195.6199951171875,182.0500030517578,193.50999450683594,268774400
2025-10-13,188.32000732421875,190.11000061035156,185.9600067138672,187.97000122070312,153482800
2025-10-14,180.02999877929688,184.8000030517578,179.6999969482422,184.77000427246094,205641400
2025-10-15,179.8300018310547,184.8699951171875,177.2899932861328,184.8000030517578,214450500
2025-10-16,181.80999755859375,183.27999877929688,179.77000427246094,182.22999572753906,179723300
2025-10-17,183.22000122070312,184.10000610351562,179.75,180.17999267578125,173135200
2025-10-20,182.63999938964844,185.1999969482422,181.72999572753906,183.1300048828125,128208800
